Workbook

Sheet Planificación
A1: Figura: “Planificación acumulada de tareas — Incrementos 1, 2 y 3”
A2: Sprint 1 · 27-07-2026 a 16-08-2026 (Incremento 1, morado) · Sprint 2 · 24-08-2026 a 13-09-2026 (Incremento 2, azul) · Sprint 3 · 15-09-2026 a 03-10-2026 (Incremento 3, verde)
A4: ID Tarea | B4: Descripción de Tarea | C4: Responsable | D4: Incremento | E4: HH Est. | F4: Inicio | G4: Fin | H4: HH Real | I4: Estado
A5: SPRINT 1 · INCREMENTO 1 — trabajo heredado (29 tareas)
A6: TA 1 — Levantamiento y análisis
A7: S1-001 | B7: TA 1.1 – Levantando los requerimientos con la contraparte de Constructora M5 | C7: Alexander Hanke | D7: Incremento 1 | E7: 6 | F7: 27-07-2026 | G7: 28-07-2026 | H7: 6 | I7: Finalizado
A8: S1-002 | B8: TA 1.2 – Redactando el Documento 0 con los requerimientos y los casos de uso | C8: Roberto Seguel | D8: Incremento 1 | E8: 8 | F8: 27-07-2026 | G8: 30-07-2026 | H8: 10 | I8: Finalizado
A9: S1-003 | B9: TA 1.3 – Construyendo la matriz de trazabilidad entre RF, CU y UR | C9: Roberto Seguel | D9: Incremento 1 | E9: 6 | F9: 29-07-2026 | G9: 31-07-2026 | H9: 6 | I9: Finalizado
A10: S1-004 | B10: TA 1.4 – Definiendo la distribución de los cuatro incrementos del proyecto | C10: Alexander Hanke | D10: Incremento 1 | E10: 4 | F10: 28-07-2026 | G10: 29-07-2026 | H10: 4 | I10: Finalizado
A11: TA 2 — Arquitectura y base del proyecto
A12: S1-005 | B12: TA 2.1 – Creando el proyecto Django y la estructura de aplicaciones | C12: Alexander Hanke | D12: Incremento 1 | E12: 6 | F12: 29-07-2026 | G12: 31-07-2026 | H12: 6 | I12: Finalizado
A13: S1-006 | B13: TA 2.2 – Instalando y configurando PostgreSQL en el equipo de desarrollo | C13: Josué Barrera | D13: Incremento 1 | E13: 6 | F13: 29-07-2026 | G13: 30-07-2026 | H13: 4 | I13: Finalizado
A14: S1-007 | B14: TA 2.3 – Definiendo el patrón MVC++ y la convención de nombres de vistas y controladores | C14: Alexander Hanke | D14: Incremento 1 | E14: 4 | F14: 30-07-2026 | G14: 31-07-2026 | H14: 4 | I14: Finalizado
A15: S1-008 | B15: TA 2.4 – Integrando Bootstrap 5 y la plantilla base del sistema | C15: Josué Barrera | D15: Incremento 1 | E15: 6 | F15: 30-07-2026 | G15: 01-08-2026 | H15: 6 | I15: Finalizado
A16: TA 3 — Desarrollo del incremento
A17: S1-009 | B17: TA 3.1 – Implementando el modelo de usuarios con roles del sistema | C17: Alexander Hanke | D17: Incremento 1 | E17: 6 | F17: 31-07-2026 | G17: 02-08-2026 | H17: 6 | I17: Finalizado
A18: S1-010 | B18: TA 3.2 – Implementando el inicio y el cierre de sesión | C18: Josué Barrera | D18: Incremento 1 | E18: 6 | F18: 01-08-2026 | G18: 03-08-2026 | H18: 6 | I18: Finalizado
A19: S1-011 | B19: TA 3.3 – Implementando la creación y la edición de cuentas de usuario | C19: Alexander Hanke | D19: Incremento 1 | E19: 6 | F19: 02-08-2026 | G19: 04-08-2026 | H19: 6 | I19: Finalizado
A20: S1-012 | B20: TA 3.4 – Implementando la deshabilitación de cuentas y el control de acceso por rol | C20: Josué Barrera | D20: Incremento 1 | E20: 4 | F20: 03-08-2026 | G20: 05-08-2026 | H20: 6 | I20: Finalizado
A21: S1-013 | B21: TA 3.5 – Implementando el registro y la edición de proveedores | C21: Alexander Hanke | D21: Incremento 1 | E21: 6 | F21: 04-08-2026 | G21: 06-08-2026 | H21: 6 | I21: Finalizado
A22: S1-014 | B22: TA 3.6 – Implementando la asignación del jefe de proyecto | C22: Josué Barrera | D22: Incremento 1 | E22: 6 | F22: 05-08-2026 | G22: 07-08-2026 | H22: 6 | I22: Finalizado
A23: S1-015 | B23: TA 3.7 – Implementando el cambio de estado del proyecto | C23: Alexander Hanke | D23: Incremento 1 | E23: 6 | F23: 06-08-2026 | G23: 08-08-2026 | H23: 6 | I23: Finalizado
A24: S1-016 | B24: TA 3.8 – Implementando la creación de la solicitud de materiales | C24: Josué Barrera | D24: Incremento 1 | E24: 4 | F24: 07-08-2026 | G24: 09-08-2026 | H24: 6 | I24: Finalizado
A25: S1-017 | B25: TA 3.9 – Implementando el detalle y la edición de la solicitud de materiales | C25: Alexander Hanke | D25: Incremento 1 | E25: 6 | F25: 08-08-2026 | G25: 10-08-2026 | H25: 6 | I25: Finalizado
A26: S1-018 | B26: TA 3.10 – Implementando la consulta y el seguimiento de solicitudes | C26: Josué Barrera | D26: Incremento 1 | E26: 6 | F26: 09-08-2026 | G26: 11-08-2026 | H26: 6 | I26: Finalizado
A27: S1-019 | B27: TA 3.11 – Implementando el panel principal con el menú según el rol | C27: Alexander Hanke | D27: Incremento 1 | E27: 6 | F27: 10-08-2026 | G27: 12-08-2026 | H27: 6 | I27: Finalizado
A28: S1-020 | B28: TA 3.12 – Cargando los datos de prueba iniciales en la base de datos | C28: Josué Barrera | D28: Incremento 1 | E28: 6 | F28: 11-08-2026 | G28: 12-08-2026 | H28: 4 | I28: Finalizado
A29: TA 4 — Modelado y documentación
A30: S1-021 | B30: TA 4.1 – Realizando el modelo entidad-relación del incremento | C30: Roberto Seguel | D30: Incremento 1 | E30: 6 | F30: 01-08-2026 | G30: 03-08-2026 | H30: 6 | I30: Finalizado
A31: S1-022 | B31: TA 4.2 – Realizando el diagrama de casos de uso del sistema | C31: Roberto Seguel | D31: Incremento 1 | E31: 4 | F31: 03-08-2026 | G31: 04-08-2026 | H31: 4 | I31: Finalizado
A32: S1-023 | B32: TA 4.3 – Realizando los diagramas de secuencia del incremento | C32: Roberto Seguel | D32: Incremento 1 | E32: 6 | F32: 05-08-2026 | G32: 09-08-2026 | H32: 8 | I32: Finalizado
A33: S1-024 | B33: TA 4.4 – Realizando el diagrama de despliegue inicial | C33: Roberto Seguel | D33: Incremento 1 | E33: 4 | F33: 09-08-2026 | G33: 10-08-2026 | H33: 4 | I33: Finalizado
A34: S1-025 | B34: TA 4.5 – Redactando el informe del Incremento 1 | C34: Roberto Seguel | D34: Incremento 1 | E34: 6 | F34: 10-08-2026 | G34: 14-08-2026 | H34: 8 | I34: Finalizado
A35: S1-026 | B35: TA 4.6 – Construyendo la tabla de esfuerzo y las gráficas del sprint | C35: Roberto Seguel | D35: Incremento 1 | E35: 4 | F35: 13-08-2026 | G35: 14-08-2026 | H35: 4 | I35: Finalizado
A36: TA 5 — Pruebas y verificación
A37: S1-027 | B37: TA 5.1 – Ejecutando las pruebas de caja negra de los casos de uso del incremento | C37: Josué Barrera | D37: Incremento 1 | E37: 6 | F37: 12-08-2026 | G37: 14-08-2026 | H37: 6 | I37: Finalizado
A38: S1-028 | B38: TA 5.2 – Documentando los casos de prueba y su evidencia | C38: Roberto Seguel | D38: Incremento 1 | E38: 4 | F38: 13-08-2026 | G38: 15-08-2026 | H38: 4 | I38: Finalizado
A39: S1-029 | B39: TA 5.3 – Corrigiendo los hallazgos levantados en las pruebas | C39: Josué Barrera | D39: Incremento 1 | E39: 4 | F39: 14-08-2026 | G39: 16-08-2026 | H39: 4 | I39: Finalizado
A40: Subtotal Sprint 1 · Incremento 1 | E40: =SUM(E7:E39) | H40: =SUM(H7:H39)
A42: SPRINT 2 · INCREMENTO 2 — trabajo nuevo (52 tareas)
A43: T-001 | B43: TA 1.1 – Montando la máquina virtual Ubuntu Server en el servidor HP ProLiant DL20 | C43: Matías Medina | D43: Incremento 2 | E43: 4 | F43: 24-08-2026 | G43: 25-08-2026 | H43: 6 | I43: Finalizado
A44: T-002 | B44: TA 1.2 – Configurando el acceso del servidor a través del firewall Fortinet 30E | C44: Matías Medina | D44: Incremento 2 | E44: 6 | F44: 24-08-2026 | G44: 25-08-2026 | H44: 6 | I44: Finalizado
A45: T-003 | B45: TA 1.3 – Instalando y configurando PostgreSQL en la máquina virtual | C45: Cristóbal López | D45: Incremento 2 | E45: 6 | F45: 25-08-2026 | G45: 26-08-2026 | H45: 6 | I45: Finalizado
A46: T-004 | B46: TA 1.4 – Configurando el entorno Django y las variables de despliegue | C46: Cristóbal López | D46: Incremento 2 | E46: 6 | F46: 25-08-2026 | G46: 27-08-2026 | H46: 6 | I46: Finalizado
A47: T-005 | B47: TA 1.5 – Publicando el sistema con Gunicorn y WSGI | C47: Matías Medina | D47: Incremento 2 | E47: 6 | F47: 26-08-2026 | G47: 27-08-2026 | H47: 6 | I47: Finalizado
A48: T-006 | B48: TA 1.6 – Configurando el respaldo automático de la base de datos | C48: Cristóbal López | D48: Incremento 2 | E48: 6 | F48: 27-08-2026 | G48: 28-08-2026 | H48: 4 | I48: Finalizado
A49: T-007 | B49: TA 2.1 – Ampliando el modelo de datos y generando las migraciones | C49: Matías Medina | D49: Incremento 2 | E49: 6 | F49: 26-08-2026 | G49: 28-08-2026 | H49: 6 | I49: Finalizado
A50: T-008 | B50: TA 2.2 – Completando el mantenedor de proveedores y su listado de materiales | C50: Cristóbal López | D50: Incremento 2 | E50: 8 | F50: 27-08-2026 | G50: 29-08-2026 | H50: 8 | I50: Finalizado
A51: T-009 | B51: TA 2.3 – Completando el registro de proyectos y la carga del itemizado | C51: Matías Medina | D51: Incremento 2 | E51: 8 | F51: 27-08-2026 | G51: 29-08-2026 | H51: 8 | I51: Finalizado
A52: T-010 | B52: TA 2.4 – Implementando las notificaciones de cambio de estado de la solicitud | C52: Cristóbal López | D52: Incremento 2 | E52: 6 | F52: 28-08-2026 | G52: 30-08-2026 | H52: 6 | I52: Finalizado
A53: T-011 | B53: TA 2.5 – Implementando el registro de cotizaciones por solicitud | C53: Matías Medina | D53: Incremento 2 | E53: 6 | F53: 28-08-2026 | G53: 31-08-2026 | H53: 6 | I53: Finalizado
A54: T-012 | B54: TA 2.6 – Implementando el cálculo automático del valor total de la cotización | C54: Cristóbal López | D54: Incremento 2 | E54: 6 | F54: 30-08-2026 | G54: 01-09-2026 | H54: 6 | I54: Finalizado
... A94: T-052 | B94: TA 5.6 – Ejecutando la segunda y la tercera iteración de pruebas de caja negra | C94: Catalina Lino | D94: Incremento 2 | E94: 10 | F94: 09-09-2026 | G94: 12-09-2026 | H94: 8 | I94: Finalizado
A95: Subtotal Sprint 2 · Incremento 2 | E95: =SUM(E43:E94) | H95: =SUM(H43:H94)
A97: SPRINT 3 · INCREMENTO 3 — trabajo nuevo (33 tareas)
A98: T-053 | B98: TA 1.1 – Ampliando el modelo de datos con las tablas de auditoría y las vistas agregadas para reportes | C98: Alexander Hanke | D98: Incremento 3 | E98: 8 | F98: 15-09-2026 | G98: 17-09-2026 | I98: En proceso
A99: T-054 | B99: TA 1.2 – Generando y aplicando las migraciones del incremento | C99: Cristóbal López | D99: Incremento 3 | E99: 4 | F99: 16-09-2026 | G99: 17-09-2026 | I99: En proceso
A100: T-055 | B100: TA 1.3 – Configurando el job programado de cierre de sesión por inactividad | C100: Matías Medina | D100: Incremento 3 | E100: 4 | F100: 17-09-2026 | G100: 18-09-2026 | I100: En proceso
A101: T-056 | B101: TA 2.1 – Implementando el reporte de consumo consolidado por proyecto | C101: Matías Medina | D101: Incremento 3 | E101: 8 | F101: 17-09-2026 | G101: 19-09-2026 | I101: En proceso
A102: T-057 | B102: TA 2.2 – Implementando el reporte de Desviación Presupuestaria | C102: Cristóbal López | D102: Incremento 3 | E102: 8 | F102: 18-09-2026 | G102: 20-09-2026 | I102: En proceso
A103: T-058 | B103: TA 2.3 – Implementando el reporte de Mermas y Pérdidas | C103: Matías Medina | D103: Incremento 3 | E103: 6 | F103: 19-09-2026 | G103: 21-09-2026 | I103: En proceso
A104: T-059 | B104: TA 2.4 – Implementando el historial de compras por proveedor | C104: Cristóbal López | D104: Incremento 3 | E104: 6 | F104: 20-09-2026 | G104: 22-09-2026 | I104: En proceso
A105: T-060 | B105: TA 2.5 – Implementando la exportación de reportes a Excel y PDF | C105: Matías Medina | D105: Incremento 3 | E105: 8 | F105: 21-09-2026 | G105: 23-09-2026 | I105: En proceso
A106: T-061 | B106: TA 2.6 – Implementando el buscador de trazabilidad de material u Orden de Compra | C106: Cristóbal López | D106: Incremento 3 | E106: 8 | F106: 22-09-2026 | G106: 24-09-2026 | I106: En proceso
A107: T-062 | B107: TA 2.7 – Implementando el envío del enlace temporal de activación de cuenta | C107: Matías Medina | D107: Incremento 3 | E107: 4 | F107: 23-09-2026 | G107: 24-09-2026 | I107: En proceso
A108: T-063 | B108: TA 2.8 – Implementando el cierre de sesión automático por inactividad | C108: Cristóbal López | D108: Incremento 3 | E108: 4 | F108: 24-09-2026 | G108: 25-09-2026 | I108: En proceso
A109: T-064 | B109: TA 2.9 – Implementando la recuperación de contraseña por correo electrónico | C109: Matías Medina | D109: Incremento 3 | E109: 6 | F109: 24-09-2026 | G109: 26-09-2026 | I109: En proceso
... A130: T-085 | B130: TA 5.5 – Revisando la coherencia entre el documento y el sistema construido | C130: Roberto Seguel | D130: Incremento 3 | E130: 4 | F130: 02-10-2026 | G130: 03-10-2026 | I130: En proceso
A131: Subtotal Sprint 3 · Incremento 3 | E131: =SUM(E98:E130)
A133: TOTAL ACUMULADO DE LOS TRES INCREMENTOS (114 tareas) | E133: =E40+E95+E131
A135: Morado: tareas del Incremento 1. Azul: tareas del Incremento 2. Verde: tareas del Incremento 3.
A136: Las HH estimadas y reales de cada sprint se suman con fórmulas; el total acumulado es la suma de los tres subtotales.
A137: Nota: las HH Reales del Sprint 3 se registran cuando el sprint finalice; mientras tanto la columna queda vacía y los gráficos no dependen de ella.

Sheet Gráficas Incremento 2
A1: Gráficas de seguimiento — Gráficas Incremento 2
A2: Burn-Down y Burn-Up del Sprint 2. Los datos salen de la fila «Horas pendientes del Sprint 2» de la tabla de esfuerzo.
A4: Día | B4: Fecha | C4: Pendiente real (HH) | D4: Pendiente planificado (HH) | E4: Acumulado real (HH) | F4: Acumulado planificado (HH) | G4: Alcance comprometido (HH)
A5: 0 | B5: Inicio | C5: ='Tabla de Esfuerzo'!$H$8 | D5: ='Tabla de Esfuerzo'!$H$8 | E5: 0 | F5: 0 | G5: ='Tabla de Esfuerzo'!$H$8
A6: 1 | B6: 24-08 | C6: ='Tabla de Esfuerzo'!Z8 | D6: =ROUND('Tabla de Esfuerzo'!$H$8*(1-A6/21),0) | E6: ='Tabla de Esfuerzo'!$H$8-C6 | F6: ='Tabla de Esfuerzo'!$H$8-D6 | G6: ='Tabla de Esfuerzo'!$H$8
A7: 2 | B7: 25-08 | C7: ='Tabla de Esfuerzo'!AA8 | D7: =ROUND('Tabla de Esfuerzo'!$H$8*(1-A7/21),0) | E7: ='Tabla de Esfuerzo'!$H$8-C7 | F7: ='Tabla de Esfuerzo'!$H$8-D7 | G7: ='Tabla de Esfuerzo'!$H$8
A8: 3 | B8: 26-08 | C8: ='Tabla de Esfuerzo'!AB8 | D8: =ROUND('Tabla de Esfuerzo'!$H$8*(1-A8/21),0) | E8: ='Tabla de Esfuerzo'!$H$8-C8 | F8: ='Tabla de Esfuerzo'!$H$8-D8 | G8: ='Tabla de Esfuerzo'!$H$8
A9: 4 | B9: 27-08 | C9: ='Tabla de Esfuerzo'!AC8 | D9: =ROUND('Tabla de Esfuerzo'!$H$8*(1-A9/21),0) | E9: ='Tabla de Esfuerzo'!$H$8-C9 | F9: ='Tabla de Esfuerzo'!$H$8-D9 | G9: ='Tabla de Esfuerzo'!$H$8
A10: 5 | B10: 28-08 | C10: ='Tabla de Esfuerzo'!AD8 | D10: =ROUND('Tabla de Esfuerzo'!$H$8*(1-A10/21),0) | E10: ='Tabla de Esfuerzo'!$H$8-C10 | F10: ='Tabla de Esfuerzo'!$H$8-D10 | G10: ='Tabla de Esfuerzo'!$H$8
A11: 6 | B11: 29-08 | C11: ='Tabla de Esfuerzo'!AE8 | D11: =ROUND('Tabla de Esfuerzo'!$H$8*(1-A11/21),0) | E11: ='Tabla de Esfuerzo'!$H$8-C11 | F11: ='Tabla de Esfuerzo'!$H$8-D11 | G11: ='Tabla de Esfuerzo'!$H$8
A12: 7 | B12: 30-08 | C12: ='Tabla de Esfuerzo'!AF8 | D12: =ROUND('Tabla de Esfuerzo'!$H$8*(1-A12/21),0) | E12: ='Tabla de Esfuerzo'!$H$8-C12 | F12: ='Tabla de Esfuerzo'!$H$8-D12 | G12: ='Tabla de Esfuerzo'!$H$8
A13: 8 | B13: 31-08 | C13: ='Tabla de Esfuerzo'!AG8 | D13: =ROUND('Tabla de Esfuerzo'!$H$8*(1-A13/21),0) | E13: ='Tabla de Esfuerzo'!$H$8-C13 | F13: ='Tabla de Esfuerzo'!$H$8-D13 | G13: ='Tabla de Esfuerzo'!$H$8
A14: 9 | B14: 01-09 | C14: ='Tabla de Esfuerzo'!AH8 | D14: =ROUND('Tabla de Esfuerzo'!$H$8*(1-A14/21),0) | E14: ='Tabla de Esfuerzo'!$H$8-C14 | F14: ='Tabla de Esfuerzo'!$H$8-D14 | G14: ='Tabla de Esfuerzo'!$H$8
A15: 10 | B15: 02-09 | C15: ='Tabla de Esfuerzo'!AI8 | D15: =ROUND('Tabla de Esfuerzo'!$H$8*(1-A15/21),0) | E15: ='Tabla de Esfuerzo'!$H$8-C15 | F15: ='Tabla de Esfuerzo'!$H$8-D15 | G15: ='Tabla de Esfuerzo'!$H$8
A16: 11 | B16: 03-09 | C16: ='Tabla de Esfuerzo'!AJ8 | D16: =ROUND('Tabla de Esfuerzo'!$H$8*(1-A16/21),0) | E16: ='Tabla de Esfuerzo'!$H$8-C16 | F16: ='Tabla de Esfuerzo'!$H$8-D16 | G16: ='Tabla de Esfuerzo'!$H$8
A17: 12 | B17: 04-09 | C17: ='Tabla de Esfuerzo'!AK8 | D17: =ROUND('Tabla de Esfuerzo'!$H$8*(1-A17/21),0) | E17: ='Tabla de Esfuerzo'!$H$8-C17 | F17: ='Tabla de Esfuerzo'!$H$8-D17 | G17: ='Tabla de Esfuerzo'!$H$8
A18: 13 | B18: 05-09 | C18: ='Tabla de Esfuerzo'!AL8 | D18: =ROUND('Tabla de Esfuerzo'!$H$8*(1-A18/21),0) | E18: ='Tabla de Esfuerzo'!$H$8-C18 | F18: ='Tabla de Esfuerzo'!$H$8-D18 | G18: ='Tabla de Esfuerzo'!$H$8
A19: 14 | B19: 06-09 | C19: ='Tabla de Esfuerzo'!AM8 | D19: =ROUND('Tabla de Esfuerzo'!$H$8*(1-A19/21),0) | E19: ='Tabla de Esfuerzo'!$H$8-C19 | F19: ='Tabla de Esfuerzo'!$H$8-D19 | G19: ='Tabla de Esfuerzo'!$H$8
A20: 15 | B20: 07-09 | C20: ='Tabla de Esfuerzo'!AN8 | D20: =ROUND('Tabla de Esfuerzo'!$H$8*(1-A20/21),0) | E20: ='Tabla de Esfuerzo'!$H$8-C20 | F20: ='Tabla de Esfuerzo'!$H$8-D20 | G20: ='Tabla de Esfuerzo'!$H$8
A21: 16 | B21: 08-09 | C21: ='Tabla de Esfuerzo'!AO8 | D21: =ROUND('Tabla de Esfuerzo'!$H$8*(1-A21/21),0) | E21: ='Tabla de Esfuerzo'!$H$8-C21 | F21: ='Tabla de Esfuerzo'!$H$8-D21 | G21: ='Tabla de Esfuerzo'!$H$8
A22: 17 | B22: 09-09 | C22: ='Tabla de Esfuerzo'!AP8 | D22: =ROUND('Tabla de Esfuerzo'!$H$8*(1-A22/21),0) | E22: ='Tabla de Esfuerzo'!$H$8-C22 | F22: ='Tabla de Esfuerzo'!$H$8-D22 | G22: ='Tabla de Esfuerzo'!$H$8
A23: 18 | B23: 10-09 | C23: ='Tabla de Esfuerzo'!AQ8 | D23: =ROUND('Tabla de Esfuerzo'!$H$8*(1-A23/21),0) | E23: ='Tabla de Esfuerzo'!$H$8-C23 | F23: ='Tabla de Esfuerzo'!$H$8-D23 | G23: ='Tabla de Esfuerzo'!$H$8
A24: 19 | B24: 11-09 | C24: ='Tabla de Esfuerzo'!AR8 | D24: =ROUND('Tabla de Esfuerzo'!$H$8*(1-A24/21),0) | E24: ='Tabla de Esfuerzo'!$H$8-C24 | F24: ='Tabla de Esfuerzo'!$H$8-D24 | G24: ='Tabla de Esfuerzo'!$H$8
A25: 20 | B25: 12-09 | C25: ='Tabla de Esfuerzo'!AS8 | D25: =ROUND('Tabla de Esfuerzo'!$H$8*(1-A25/21),0) | E25: ='Tabla de Esfuerzo'!$H$8-C25 | F25: ='Tabla de Esfuerzo'!$H$8-D25 | G25: ='Tabla de Esfuerzo'!$H$8
A26: 21 | B26: 13-09 | C26: ='Tabla de Esfuerzo'!AT8 | D26: =ROUND('Tabla de Esfuerzo'!$H$8*(1-A26/21),0) | E26: ='Tabla de Esfuerzo'!$H$8-C26 | F26: ='Tabla de Esfuerzo'!$H$8-D26 | G26: ='Tabla de Esfuerzo'!$H$8

Sheet Gráficas Incremento 3
A1: Gráficas de seguimiento — Gráficas Incremento 3
A2: Burn-Down y Burn-Up del Sprint 3. Los datos salen de la fila «Horas pendientes del Sprint 3» de la tabla de esfuerzo.
A4: Día | B4: Fecha | C4: Pendiente real (HH) | D4: Pendiente planificado (HH) | E4: Acumulado real (HH) | F4: Acumulado planificado (HH) | G4: Alcance comprometido (HH)
A5: 0 | B5: Inicio | C5: ='Tabla de Esfuerzo'!$E$9 | D5: =Planificación!$E$131 | E5: 0 | F5: =Planificación!$E$131-D5 | G5: ='Tabla de Esfuerzo'!$E$9
A6: 1 | B6: 15-09 | C6: ='Tabla de Esfuerzo'!AU9 | D6: =ROUND(Planificación!$E$131*(1-A6/19),0) | E6: ='Tabla de Esfuerzo'!$E$9-C6 | F6: =Planificación!$E$131-D6 | G6: ='Tabla de Esfuerzo'!$E$9
A7: 2 | B7: 16-09 | C7: ='Tabla de Esfuerzo'!AV9 | D7: =ROUND(Planificación!$E$131*(1-A7/19),0) | E7: ='Tabla de Esfuerzo'!$E$9-C7 | F7: =Planificación!$E$131-D7 | G7: ='Tabla de Esfuerzo'!$E$9
A8: 3 | B8: 17-09 | C8: ='Tabla de Esfuerzo'!AW9 | D8: =ROUND(Planificación!$E$131*(1-A8/19),0) | E8: ='Tabla de Esfuerzo'!$E$9-C8 | F8: =Planificación!$E$131-D8 | G8: ='Tabla de Esfuerzo'!$E$9
A9: 4 | B9: 18-09 | C9: ='Tabla de Esfuerzo'!AX9 | D9: =ROUND(Planificación!$E$131*(1-A9/19),0) | E9: ='Tabla de Esfuerzo'!$E$9-C9 | F9: =Planificación!$E$131-D9 | G9: ='Tabla de Esfuerzo'!$E$9
A10: 5 | B10: 19-09 | C10: ='Tabla de Esfuerzo'!AY9 | D10: =ROUND(Planificación!$E$131*(1-A10/19),0) | E10: ='Tabla de Esfuerzo'!$E$9-C10 | F10: =Planificación!$E$131-D10 | G10: ='Tabla de Esfuerzo'!$E$9
A11: 6 | B11: 20-09 | C11: ='Tabla de Esfuerzo'!AZ9 | D11: =ROUND(Planificación!$E$131*(1-A11/19),0) | E11: ='Tabla de Esfuerzo'!$E$9-C11 | F11: =Planificación!$E$131-D11 | G11: ='Tabla de Esfuerzo'!$E$9
A12: 7 | B12: 21-09 | C12: ='Tabla de Esfuerzo'!BA9 | D12: =ROUND(Planificación!$E$131*(1-A12/19),0) | E12: ='Tabla de Esfuerzo'!$E$9-C12 | F12: =Planificación!$E$131-D12 | G12: ='Tabla de Esfuerzo'!$E$9
A13: 8 | B13: 22-09 | C13: ='Tabla de Esfuerzo'!BB9 | D13: =ROUND(Planificación!$E$131*(1-A13/19),0) | E13: ='Tabla de Esfuerzo'!$E$9-C13 | F13: =Planificación!$E$131-D13 | G13: ='Tabla de Esfuerzo'!$E$9
A14: 9 | B14: 23-09 | C14: ='Tabla de Esfuerzo'!BC9 | D14: =ROUND(Planificación!$E$131*(1-A14/19),0) | E14: ='Tabla de Esfuerzo'!$E$9-C14 | F14: =Planificación!$E$131-D14 | G14: ='Tabla de Esfuerzo'!$E$9
A15: 10 | B15: 24-09 | C15: ='Tabla de Esfuerzo'!BD9 | D15: =ROUND(Planificación!$E$131*(1-A15/19),0) | E15: ='Tabla de Esfuerzo'!$E$9-C15 | F15: =Planificación!$E$131-D15 | G15: ='Tabla de Esfuerzo'!$E$9
A16: 11 | B16: 25-09 | C16: ='Tabla de Esfuerzo'!BE9 | D16: =ROUND(Planificación!$E$131*(1-A16/19),0) | E16: ='Tabla de Esfuerzo'!$E$9-C16 | F16: =Planificación!$E$131-D16 | G16: ='Tabla de Esfuerzo'!$E$9
A17: 12 | B17: 26-09 | C17: ='Tabla de Esfuerzo'!BF9 | D17: =ROUND(Planificación!$E$131*(1-A17/19),0) | E17: ='Tabla de Esfuerzo'!$E$9-C17 | F17: =Planificación!$E$131-D17 | G17: ='Tabla de Esfuerzo'!$E$9
A18: 13 | B18: 27-09 | C18: ='Tabla de Esfuerzo'!BG9 | D18: =ROUND(Planificación!$E$131*(1-A18/19),0) | E18: ='Tabla de Esfuerzo'!$E$9-C18 | F18: =Planificación!$E$131-D18 | G18: ='Tabla de Esfuerzo'!$E$9
A19: 14 | B19: 28-09 | C19: ='Tabla de Esfuerzo'!BH9 | D19: =ROUND(Planificación!$E$131*(1-A19/19),0) | E19: ='Tabla de Esfuerzo'!$E$9-C19 | F19: =Planificación!$E$131-D19 | G19: ='Tabla de Esfuerzo'!$E$9
A20: 15 | B20: 29-09 | C20: ='Tabla de Esfuerzo'!BI9 | D20: =ROUND(Planificación!$E$131*(1-A20/19),0) | E20: ='Tabla de Esfuerzo'!$E$9-C20 | F20: =Planificación!$E$131-D20 | G20: ='Tabla de Esfuerzo'!$E$9
A21: 16 | B21: 30-09 | C21: ='Tabla de Esfuerzo'!BJ9 | D21: =ROUND(Planificación!$E$131*(1-A21/19),0) | E21: ='Tabla de Esfuerzo'!$E$9-C21 | F21: =Planificación!$E$131-D21 | G21: ='Tabla de Esfuerzo'!$E$9
A22: 17 | B22: 01-10 | C22: ='Tabla de Esfuerzo'!BK9 | D22: =ROUND(Planificación!$E$131*(1-A22/19),0) | E22: ='Tabla de Esfuerzo'!$E$9-C22 | F22: =Planificación!$E$131-D22 | G22: ='Tabla de Esfuerzo'!$E$9
A23: 18 | B23: 02-10 | C23: ='Tabla de Esfuerzo'!BL9 | D23: =ROUND(Planificación!$E$131*(1-A23/19),0) | E23: ='Tabla de Esfuerzo'!$E$9-C23 | F23: =Planificación!$E$131-D23 | G23: ='Tabla de Esfuerzo'!$E$9
A24: 19 | B24: 03-10 | C24: ='Tabla de Esfuerzo'!BM9 | D24: =ROUND(Planificación!$E$131*(1-A24/19),0) | E24: ='Tabla de Esfuerzo'!$E$9-C24 | F24: =Planificación!$E$131-D24 | G24: ='Tabla de Esfuerzo'!$E$9

Sheet Tabla de Esfuerzo
A1: Tabla: “Tabla de esfuerzo acumulada de los Incrementos 1, 2 y 3”
A2: 61 días de sprint: 21 del Sprint 1 (morado), 21 del Sprint 2 (azul) y 19 del Sprint 3 (verde). Cada celda son las horas-hombre que quedaban pendientes de esa tarea ese día.
A4: Tarea | B4: Responsable | C4: Incremento | D4: HH | E4: 27-07 | F4: 28-07 | G4: 29-07 | H4: 30-07 | I4: 31-07 | J4: 01-08 | K4: 02-08 | L4: 03-08 | M4: 04-08 | N4: 05-08 | O4: 06-08 | P4: 07-08 | Q4: 08-08 | R4: 09-08 | S4: 10-08 | T4: 11-08 | U4: 12-08 | V4: 13-08 | W4: 14-08 | X4: 15-08 | Y4: 16-08 | Z4: 24-08 | AA4: 25-08 | AB4: 26-08 | AC4: 27-08 | AD4: 28-08 | AE4: 29-08 | AF4: 30-08 | AG4: 31-08 | AH4: 01-09 | AI4: 02-09 | AJ4: 03-09 | AK4: 04-09 | AL4: 05-09 | AM4: 06-09 | AN4: 07-09 | AO4: 08-09 | AP4: 09-09 | AQ4: 10-09 | AR4: 11-09 | AS4: 12-09 | AT4: 13-09 | AU4: 15-09 | AV4: 16-09 | AW4: 17-09 | AX4: 18-09 | AY4: 19-09 | AZ4: 20-09 | BA4: 21-09 | BB4: 22-09 | BC4: 23-09 | BD4: 24-09 | BE4: 25-09 | BF4: 26-09 | BG4: 27-09 | BH4: 28-09 | BI4: 29-09 | BJ4: 30-09 | BK4: 01-10 | BL4: 02-10 | BM4: 03-10
A5: Tareas pendientes | E5: =COUNTIF(E11:E39,">0")+COUNTIF(E41:E92,">0")+COUNTIF(E95:E127,">0") | F5: =COUNTIF(F11:F39,">0")+COUNTIF(F41:F92,">0")+COUNTIF(F95:F127,">0") | G5: =COUNTIF(G11:G39,">0")+COUNTIF(G41:G92,">0")+COUNTIF(G95:G127,">0") | H5: =COUNTIF(H11:H39,">0")+COUNTIF(H41:H92,">0")+COUNTIF(H95:H127,">0") | I5: =COUNTIF(I11:I39,">0")+COUNTIF(I41:I92,">0")+COUNTIF(I95:I127,">0") | J5: =COUNTIF(J11:J39,">0")+COUNTIF(J41:J92,">0")+COUNTIF(J95:J127,">0") | K5: =COUNTIF(K11:K39,">0")+COUNTIF(K41:K92,">0")+COUNTIF(K95:K127,">0") | L5: =COUNTIF(L11:L39,">0")+COUNTIF(L41:L92,">0")+COUNTIF(L95:L127,">0") | ... BM5: =COUNTIF(BM11:BM39,">0")+COUNTIF(BM41:BM92,">0")+COUNTIF(BM95:BM127,">0")
A6: Horas pendientes acumuladas | E6: =SUM(E11:E39)+SUM(E41:E92)+SUM(E95:E127) | F6: =SUM(F11:F39)+SUM(F41:F92)+SUM(F95:F127) | G6: =SUM(G11:G39)+SUM(G41:G92)+SUM(G95:G127) | H6: =SUM(H11:H39)+SUM(H41:H92)+SUM(H95:H127) | I6: =SUM(I11:I39)+SUM(I41:I92)+SUM(I95:I127) | J6: =SUM(J11:J39)+SUM(J41:J92)+SUM(J95:J127) | K6: =SUM(K11:K39)+SUM(K41:K92)+SUM(K95:K127) | L6: =SUM(L11:L39)+SUM(L41:L92)+SUM(L95:L127) | ... BM6: =SUM(BM11:BM39)+SUM(BM41:BM92)+SUM(BM95:BM127)
A7: Horas pendientes del Sprint 1 | E7: =SUM(E11:E39) | F7: =SUM(F11:F39) | G7: =SUM(G11:G39) | H7: =SUM(H11:H39) | I7: =SUM(I11:I39) | J7: =SUM(J11:J39) | K7: =SUM(K11:K39) | L7: =SUM(L11:L39) | ... BM7: =SUM(BM11:BM39)
A8: Horas pendientes del Sprint 2 | E8: =SUM(E41:E92) | F8: =SUM(F41:F92) | G8: =SUM(G41:G92) | H8: =SUM(H41:H92) | I8: =SUM(I41:I92) | J8: =SUM(J41:J92) | K8: =SUM(K41:K92) | L8: =SUM(L41:L92) | ... BM8: =SUM(BM41:BM92)
A9: Horas pendientes del Sprint 3 | E9: =SUM(E95:E127) | F9: =SUM(F95:F127) | G9: =SUM(G95:G127) | H9: =SUM(H95:H127) | I9: =SUM(I95:I127) | J9: =SUM(J95:J127) | K9: =SUM(K95:K127) | L9: =SUM(L95:L127) | ... BM9: =SUM(BM95:BM127)
A10: SPRINT 1 · INCREMENTO 1 (29 tareas)
A11: TA 1.1 – Levantando los requerimientos con la contraparte de Constructora M5 | B11: Alexander Hanke | C11: Incremento 1 | D11: =Planificación!H7 | E11: 3 | F11: 0 | G11: 0 | H11: 0 | I11: 0 | J11: 0 | K11: 0 | L11: 0 | M11: 0 | N11: 0 | O11: 0 | P11: 0 | Q11: 0 | R11: 0 | S11: 0 | T11: 0 | U11: 0 | V11: 0 | W11: 0 | X11: 0 | Y11: 0 | Z11: 0 | AA11: 0 | AB11: 0 | AC11: 0 | AD11: 0 | AE11: 0 | AF11: 0 | AG11: 0 | AH11: 0 | AI11: 0 | AJ11: 0 | AK11: 0 | AL11: 0 | AM11: 0 | AN11: 0 | AO11: 0 | AP11: 0 | AQ11: 0 | AR11: 0 | AS11: 0 | AT11: 0
A12: TA 1.2 – Redactando el Documento 0 con los requerimientos y los casos de uso | B12: Roberto Seguel | C12: Incremento 1 | D12: =Planificación!H8 | E12: 8 | F12: 5 | G12: 2 | H12: 0 | I12: 0 | J12: 0 | K12: 0 | L12: 0 | M12: 0 | N12: 0 | O12: 0 | P12: 0 | Q12: 0 | R12: 0 | S12: 0 | T12: 0 | U12: 0 | V12: 0 | W12: 0 | X12: 0 | Y12: 0 | Z12: 0 | AA12: 0 | AB12: 0 | AC12: 0 | AD12: 0 | AE12: 0 | AF12: 0 | AG12: 0 | AH12: 0 | AI12: 0 | AJ12: 0 | AK12: 0 | AL12: 0 | AM12: 0 | AN12: 0 | AO12: 0 | AP12: 0 | AQ12: 0 | AR12: 0 | AS12: 0 | AT12: 0
A13: TA 1.3 – Construyendo la matriz de trazabilidad entre RF, CU y UR | B13: Roberto Seguel | C13: Incremento 1 | D13: =Planificación!H9 | E13: 6 | F13: 6 | G13: 4 | H13: 2 | I13: 0 | J13: 0 | K13: 0 | L13: 0 | M13: 0 | N13: 0 | O13: 0 | P13: 0 | Q13: 0 | R13: 0 | S13: 0 | T13: 0 | U13: 0 | V13: 0 | W13: 0 | X13: 0 | Y13: 0 | Z13: 0 | AA13: 0 | AB13: 0 | AC13: 0 | AD13: 0 | AE13: 0 | AF13: 0 | AG13: 0 | AH13: 0 | AI13: 0 | AJ13: 0 | AK13: 0 | AL13: 0 | AM13: 0 | AN13: 0 | AO13: 0 | AP13: 0 | AQ13: 0 | AR13: 0 | AS13: 0 | AT13: 0
A14: TA 1.4 – Definiendo la distribución de los cuatro incrementos del proyecto | B14: Alexander Hanke | C14: Incremento 1 | D14: =Planificación!H10 | E14: 4 | F14: 2 | G14: 0 | H14: 0 | I14: 0 | J14: 0 | K14: 0 | L14: 0 | M14: 0 | N14: 0 | O14: 0 | P14: 0 | Q14: 0 | R14: 0 | S14: 0 | T14: 0 | U14: 0 | V14: 0 | W14: 0 | X14: 0 | Y14: 0 | Z14: 0 | AA14: 0 | AB14: 0 | AC14: 0 | AD14: 0 | AE14: 0 | AF14: 0 | AG14: 0 | AH14: 0 | AI14: 0 | AJ14: 0 | AK14: 0 | AL14: 0 | AM14: 0 | AN14: 0 | AO14: 0 | AP14: 0 | AQ14: 0 | AR14: 0 | AS14: 0 | AT14: 0
A15: TA 2.1 – Creando el proyecto Django y la estructura de aplicaciones | B15: Alexander Hanke | C15: Incremento 1 | D15: =Planificación!H12 | E15: 6 | F15: 6 | G15: 4 | H15: 2 | I15: 0 | J15: 0 | K15: 0 | L15: 0 | M15: 0 | N15: 0 | O15: 0 | P15: 0 | Q15: 0 | R15: 0 | S15: 0 | T15: 0 | U15: 0 | V15: 0 | W15: 0 | X15: 0 | Y15: 0 | Z15: 0 | AA15: 0 | AB15: 0 | AC15: 0 | AD15: 0 | AE15: 0 | AF15: 0 | AG15: 0 | AH15: 0 | AI15: 0 | AJ15: 0 | AK15: 0 | AL15: 0 | AM15: 0 | AN15: 0 | AO15: 0 | AP15: 0 | AQ15: 0 | AR15: 0 | AS15: 0 | AT15: 0
A16: TA 2.2 – Instalando y configurando PostgreSQL en el equipo de desarrollo | B16: Josué Barrera | C16: Incremento 1 | D16: =Planificación!H13 | E16: 4 | F16: 4 | G16: 2 | H16: 0 | I16: 0 | J16: 0 | K16: 0 | L16: 0 | M16: 0 | N16: 0 | O16: 0 | P16: 0 | Q16: 0 | R16: 0 | S16: 0 | T16: 0 | U16: 0 | V16: 0 | W16: 0 | X16: 0 | Y16: 0 | Z16: 0 | AA16: 0 | AB16: 0 | AC16: 0 | AD16: 0 | AE16: 0 | AF16: 0 | AG16: 0 | AH16: 0 | AI16: 0 | AJ16: 0 | AK16: 0 | AL16: 0 | AM16: 0 | AN16: 0 | AO16: 0 | AP16: 0 | AQ16: 0 | AR16: 0 | AS16: 0 | AT16: 0
A17: TA 2.3 – Definiendo el patrón MVC++ y la convención de nombres de vistas y controladores | B17: Alexander Hanke | C17: Incremento 1 | D17: =Planificación!H14 | E17: 4 | F17: 4 | G17: 4 | H17: 2 | I17: 0 | J17: 0 | K17: 0 | L17: 0 | M17: 0 | N17: 0 | O17: 0 | P17: 0 | Q17: 0 | R17: 0 | S17: 0 | T17: 0 | U17: 0 | V17: 0 | W17: 0 | X17: 0 | Y17: 0 | Z17: 0 | AA17: 0 | AB17: 0 | AC17: 0 | AD17: 0 | AE17: 0 | AF17: 0 | AG17: 0 | AH17: 0 | AI17: 0 | AJ17: 0 | AK17: 0 | AL17: 0 | AM17: 0 | AN17: 0 | AO17: 0 | AP17: 0 | AQ17: 0 | AR17: 0 | AS17: 0 | AT17: 0
A18: TA 2.4 – Integrando Bootstrap 5 y la plantilla base del sistema | B18: Josué Barrera | C18: Incremento 1 | D18: =Planificación!H15 | E18: 6 | F18: 6 | G18: 6 | H18: 4 | I18: 2 | J18: 0 | K18: 0 | L18: 0 | M18: 0 | N18: 0 | O18: 0 | P18: 0 | Q18: 0 | R18: 0 | S18: 0 | T18: 0 | U18: 0 | V18: 0 | W18: 0 | X18: 0 | Y18: 0 | Z18: 0 | AA18: 0 | AB18: 0 | AC18: 0 | AD18: 0 | AE18: 0 | AF18: 0 | AG18: 0 | AH18: 0 | AI18: 0 | AJ18: 0 | AK18: 0 | AL18: 0 | AM18: 0 | AN18: 0 | AO18: 0 | AP18: 0 | AQ18: 0 | AR18: 0 | AS18: 0 | AT18: 0
A19: TA 3.1 – Implementando el modelo de usuarios con roles del sistema | B19: Alexander Hanke | C19: Incremento 1 | D19: =Planificación!H17 | E19: 6 | F19: 6 | G19: 6 | H19: 6 | I19: 4 | J19: 2 | K19: 0 | L19: 0 | M19: 0 | N19: 0 | O19: 0 | P19: 0 | Q19: 0 | R19: 0 | S19: 0 | T19: 0 | U19: 0 | V19: 0 | W19: 0 | X19: 0 | Y19: 0 | Z19: 0 | AA19: 0 | AB19: 0 | AC19: 0 | AD19: 0 | AE19: 0 | AF19: 0 | AG19: 0 | AH19: 0 | AI19: 0 | AJ19: 0 | AK19: 0 | AL19: 0 | AM19: 0 | AN19: 0 | AO19: 0 | AP19: 0 | AQ19: 0 | AR19: 0 | AS19: 0 | AT19: 0
A20: TA 3.2 – Implementando el inicio y el cierre de sesión | B20: Josué Barrera | C20: Incremento 1 | D20: =Planificación!H18 | E20: 6 | F20: 6 | G20: 6 | H20: 6 | I20: 6 | J20: 4 | K20: 2 | L20: 0 | M20: 0 | N20: 0 | O20: 0 | P20: 0 | Q20: 0 | R20: 0 | S20: 0 | T20: 0 | U20: 0 | V20: 0 | W20: 0 | X20: 0 | Y20: 0 | Z20: 0 | AA20: 0 | AB20: 0 | AC20: 0 | AD20: 0 | AE20: 0 | AF20: 0 | AG20: 0 | AH20: 0 | AI20: 0 | AJ20: 0 | AK20: 0 | AL20: 0 | AM20: 0 | AN20: 0 | AO20: 0 | AP20: 0 | AQ20: 0 | AR20: 0 | AS20: 0 | AT20: 0
A21: TA 3.3 – Implementando la creación y la edición de cuentas de usuario | B21: Alexander Hanke | C21: Incremento 1 | D21: =Planificación!H19 | E21: 6 | F21: 6 | G21: 6 | H21: 6 | I21: 6 | J21: 6 | K21: 4 | L21: 2 | M21: 0 | N21: 0 | O21: 0 | P21: 0 | Q21: 0 | R21: 0 | S21: 0 | T21: 0 | U21: 0 | V21: 0 | W21: 0 | X21: 0 | Y21: 0 | Z21: 0 | AA21: 0 | AB21: 0 | AC21: 0 | AD21: 0 | AE21: 0 | AF21: 0 | AG21: 0 | AH21: 0 | AI21: 0 | AJ21: 0 | AK21: 0 | AL21: 0 | AM21: 0 | AN21: 0 | AO21: 0 | AP21: 0 | AQ21: 0 | AR21: 0 | AS21: 0 | AT21: 0
A22: TA 3.4 – Implementando la deshabilitación de cuentas y el control de acceso por rol | B22: Josué Barrera | C22: Incremento 1 | D22: =Planificación!H20 | E22: 6 | F22: 6 | G22: 6 | H22: 6 | I22: 6 | J22: 6 | K22: 6 | L22: 4 | M22: 2 | N22: 0 | O22: 0 | P22: 0 | Q22: 0 | R22: 0 | S22: 0 | T22: 0 | U22: 0 | V22: 0 | W22: 0 | X22: 0 | Y22: 0 | Z22: 0 | AA22: 0 | AB22: 0 | AC22: 0 | AD22: 0 | AE22: 0 | AF22: 0 | AG22: 0 | AH22: 0 | AI22: 0 | AJ22: 0 | AK22: 0 | AL22: 0 | AM22: 0 | AN22: 0 | AO22: 0 | AP22: 0 | AQ22: 0 | AR22: 0 | AS22: 0 | AT22: 0
A23: TA 3.5 – Implementando el registro y la edición de proveedores | B23: Alexander Hanke | C23: Incremento 1 | D23: =Planificación!H21 | E23: 6 | F23: 6 | G23: 6 | H23: 6 | I23: 6 | J23: 6 | K23: 6 | L23: 6 | M23: 4 | N23: 2 | O23: 0 | P23: 0 | Q23: 0 | R23: 0 | S23: 0 | T23: 0 | U23: 0 | V23: 0 | W23: 0 | X23: 0 | Y23: 0 | Z23: 0 | AA23: 0 | AB23: 0 | AC23: 0 | AD23: 0 | AE23: 0 | AF23: 0 | AG23: 0 | AH23: 0 | AI23: 0 | AJ23: 0 | AK23: 0 | AL23: 0 | AM23: 0 | AN23: 0 | AO23: 0 | AP23: 0 | AQ23: 0 | AR23: 0 | AS23: 0 | AT23: 0
A24: TA 3.6 – Implementando la asignación del jefe de proyecto | B24: Josué Barrera | C24: Incremento 1 | D24: =Planificación!H22 | E24: 6 | F24: 6 | G24: 6 | H24: 6 | I24: 6 | J24: 6 | K24: 6 | L24: 6 | M24: 6 | N24: 4 | O24: 2 | P24: 0 | Q24: 0 | R24: 0 | S24: 0 | T24: 0 | U24: 0 | V24: 0 | W24: 0 | X24: 0 | Y24: 0 | Z24: 0 | AA24: 0 | AB24: 0 | AC24: 0 | AD24: 0 | AE24: 0 | AF24: 0 | AG24: 0 | AH24: 0 | AI24: 0 | AJ24: 0 | AK24: 0 | AL24: 0 | AM24: 0 | AN24: 0 | AO24: 0 | AP24: 0 | AQ24: 0 | AR24: 0 | AS24: 0 | AT24: 0
A25: TA 3.7 – Implementando el cambio de estado del proyecto | B25: Alexander Hanke | C25: Incremento 1 | D25: =Planificación!H23 | E25: 6 | F25: 6 | G25: 6 | H25: 6 | I25: 6 | J25: 6 | K25: 6 | L25: 6 | M25: 6 | N25: 6 | O25: 4 | P25: 2 | Q25: 0 | R25: 0 | S25: 0 | T25: 0 | U25: 0 | V25: 0 | W25: 0 | X25: 0 | Y25: 0 | Z25: 0 | AA25: 0 | AB25: 0 | AC25: 0 | AD25: 0 | AE25: 0 | AF25: 0 | AG25: 0 | AH25: 0 | AI25: 0 | AJ25: 0 | AK25: 0 | AL25: 0 | AM25: 0 | AN25: 0 | AO25: 0 | AP25: 0 | AQ25: 0 | AR25: 0 | AS25: 0 | AT25: 0
A26: TA 3.8 – Implementando la creación de la solicitud de materiales | B26: Josué Barrera | C26: Incremento 1 | D26: =Planificación!H24 | E26: 6 | F26: 6 | G26: 6 | H26: 6 | I26: 6 | J26: 6 | K26: 6 | L26: 6 | M26: 6 | N26: 6 | O26: 6 | P26: 4 | Q26: 2 | R26: 0 | S26: 0 | T26: 0 | U26: 0 | V26: 0 | W26: 0 | X26: 0 | Y26: 0 | Z26: 0 | AA26: 0 | AB26: 0 | AC26: 0 | AD26: 0 | AE26: 0 | AF26: 0 | AG26: 0 | AH26: 0 | AI26: 0 | AJ26: 0 | AK26: 0 | AL26: 0 | AM26: 0 | AN26: 0 | AO26: 0 | AP26: 0 | AQ26: 0 | AR26: 0 | AS26: 0 | AT26: 0
A27: TA 3.9 – Implementando el detalle y la edición de la solicitud de materiales | B27: Alexander Hanke | C27: Incremento 1 | D27: =Planificación!H25 | E27: 6 | F27: 6 | G27: 6 | H27: 6 | I27: 6 | J27: 6 | K27: 6 | L27: 6 | M27: 6 | N27: 6 | O27: 6 | P27: 6 | Q27: 4 | R27: 2 | S27: 0 | T27: 0 | U27: 0 | V27: 0 | W27: 0 | X27: 0 | Y27: 0 | Z27: 0 | AA27: 0 | AB27: 0 | AC27: 0 | AD27: 0 | AE27: 0 | AF27: 0 | AG27: 0 | AH27: 0 | AI27: 0 | AJ27: 0 | AK27: 0 | AL27: 0 | AM27: 0 | AN27: 0 | AO27: 0 | AP27: 0 | AQ27: 0 | AR27: 0 | AS27: 0 | AT27: 0
A28: TA 3.10 – Implementando la consulta y el seguimiento de solicitudes | B28: Josué Barrera | C28: Incremento 1 | D28: =Planificación!H26 | E28: 6 | F28: 6 | G28: 6 | H28: 6 | I28: 6 | J28: 6 | K28: 6 | L28: 6 | M28: 6 | N28: 6 | O28: 6 | P28: 6 | Q28: 6 | R28: 4 | S28: 2 | T28: 0 | U28: 0 | V28: 0 | W28: 0 | X28: 0 | Y28: 0 | Z28: 0 | AA28: 0 | AB28: 0 | AC28: 0 | AD28: 0 | AE28: 0 | AF28: 0 | AG28: 0 | AH28: 0 | AI28: 0 | AJ28: 0 | AK28: 0 | AL28: 0 | AM28: 0 | AN28: 0 | AO28: 0 | AP28: 0 | AQ28: 0 | AR28: 0 | AS28: 0 | AT28: 0
A29: TA 3.11 – Implementando el panel principal con el menú según el rol | B29: Alexander Hanke | C29: Incremento 1 | D29: =Planificación!H27 | E29: 6 | F29: 6 | G29: 6 | H29: 6 | I29: 6 | J29: 6 | K29: 6 | L29: 6 | M29: 6 | N29: 6 | O29: 6 | P29: 6 | Q29: 6 | R29: 6 | S29: 4 | T29: 2 | U29: 0 | V29: 0 | W29: 0 | X29: 0 | Y29: 0 | Z29: 0 | AA29: 0 | AB29: 0 | AC29: 0 | AD29: 0 | AE29: 0 | AF29: 0 | AG29: 0 | AH29: 0 | AI29: 0 | AJ29: 0 | AK29: 0 | AL29: 0 | AM29: 0 | AN29: 0 | AO29: 0 | AP29: 0 | AQ29: 0 | AR29: 0 | AS29: 0 | AT29: 0
A30: TA 3.12 – Cargando los datos de prueba iniciales en la base de datos | B30: Josué Barrera | C30: Incremento 1 | D30: =Planificación!H28 | E30: 4 | F30: 4 | G30: 4 | H30: 4 | I30: 4 | J30: 4 | K30: 4 | L30: 4 | M30: 4 | N30: 4 | O30: 4 | P30: 4 | Q30: 4 | R30: 4 | S30: 4 | T30: 2 | U30: 0 | V30: 0 | W30: 0 | X30: 0 | Y30: 0 | Z30: 0 | AA30: 0 | AB30: 0 | AC30: 0 | AD30: 0 | AE30: 0 | AF30: 0 | AG30: 0 | AH30: 0 | AI30: 0 | AJ30: 0 | AK30: 0 | AL30: 0 | AM30: 0 | AN30: 0 | AO30: 0 | AP30: 0 | AQ30: 0 | AR30: 0 | AS30: 0 | AT30: 0
A31: TA 4.1 – Realizando el modelo entidad-relación del incremento | B31: Roberto Seguel | C31: Incremento 1 | D31: =Planificación!H30 | E31: 6 | F31: 6 | G31: 6 | H31: 6 | I31: 6 | J31: 4 | K31: 2 | L31: 0 | M31: 0 | N31: 0 | O31: 0 | P31: 0 | Q31: 0 | R31: 0 | S31: 0 | T31: 0 | U31: 0 | V31: 0 | W31: 0 | X31: 0 | Y31: 0 | Z31: 0 | AA31: 0 | AB31: 0 | AC31: 0 | AD31: 0 | AE31: 0 | AF31: 0 | AG31: 0 | AH31: 0 | AI31: 0 | AJ31: 0 | AK31: 0 | AL31: 0 | AM31: 0 | AN31: 0 | AO31: 0 | AP31: 0 | AQ31: 0 | AR31: 0 | AS31: 0 | AT31: 0
A32: TA 4.2 – Realizando el diagrama de casos de uso del sistema | B32: Roberto Seguel | C32: Incremento 1 | D32: =Planificación!H31 | E32: 4 | F32: 4 | G32: 4 | H32: 4 | I32: 4 | J32: 4 | K32: 4 | L32: 2 | M32: 0 | N32: 0 | O32: 0 | P32: 0 | Q32: 0 | R32: 0 | S32: 0 | T32: 0 | U32: 0 | V32: 0 | W32: 0 | X32: 0 | Y32: 0 | Z32: 0 | AA32: 0 | AB32: 0 | AC32: 0 | AD32: 0 | AE32: 0 | AF32: 0 | AG32: 0 | AH32: 0 | AI32: 0 | AJ32: 0 | AK32: 0 | AL32: 0 | AM32: 0 | AN32: 0 | AO32: 0 | AP32: 0 | AQ32: 0 | AR32: 0 | AS32: 0 | AT32: 0
A33: TA 4.3 – Realizando los diagramas de secuencia del incremento | B33: Roberto Seguel | C33: Incremento 1 | D33: =Planificación!H32 | E33: 8 | F33: 8 | G33: 8 | H33: 8 | I33: 8 | J33: 8 | K33: 8 | L33: 8 | M33: 8 | N33: 6 | O33: 5 | P33: 3 | Q33: 2 | R33: 0 | S33: 0 | T33: 0 | U33: 0 | V33: 0 | W33: 0 | X33: 0 | Y33: 0 | Z33: 0 | AA33: 0 | AB33: 0 | AC33: 0 | AD33: 0 | AE33: 0 | AF33: 0 | AG33: 0 | AH33: 0 | AI33: 0 | AJ33: 0 | AK33: 0 | AL33: 0 | AM33: 0 | AN33: 0 | AO33: 0 | AP33: 0 | AQ33: 0 | AR33: 0 | AS33: 0 | AT33: 0
A34: TA 4.4 – Realizando el diagrama de despliegue inicial | B34: Roberto Seguel | C34: Incremento 1 | D34: =Planificación!H33 | E34: 4 | F34: 4 | G34: 4 | H34: 4 | I34: 4 | J34: 4 | K34: 4 | L34: 4 | M34: 4 | N34: 4 | O34: 4 | P34: 4 | Q34: 4 | R34: 2 | S34: 0 | T34: 0 | U34: 0 | V34: 0 | W34: 0 | X34: 0 | Y34: 0 | Z34: 0 | AA34: 0 | AB34: 0 | AC34: 0 | AD34: 0 | AE34: 0 | AF34: 0 | AG34: 0 | AH34: 0 | AI34: 0 | AJ34: 0 | AK34: 0 | AL34: 0 | AM34: 0 | AN34: 0 | AO34: 0 | AP34: 0 | AQ34: 0 | AR34: 0 | AS34: 0 | AT34: 0
A35: TA 4.5 – Redactando el informe del Incremento 1 | B35: Roberto Seguel | C35: Incremento 1 | D35: =Planificación!H34 | E35: 8 | F35: 8 | G35: 8 | H35: 8 | I35: 8 | J35: 8 | K35: 8 | L35: 8 | M35: 8 | N35: 8 | O35: 8 | P35: 8 | Q35: 8 | R35: 8 | S35: 6 | T35: 5 | U35: 3 | V35: 2 | W35: 0 | X35: 0 | Y35: 0 | Z35: 0 | AA35: 0 | AB35: 0 | AC35: 0 | AD35: 0 | AE35: 0 | AF35: 0 | AG35: 0 | AH35: 0 | AI35: 0 | AJ35: 0 | AK35: 0 | AL35: 0 | AM35: 0 | AN35: 0 | AO35: 0 | AP35: 0 | AQ35: 0 | AR35: 0 | AS35: 0 | AT35: 0
A36: TA 4.6 – Construyendo la tabla de esfuerzo y las gráficas del sprint | B36: Roberto Seguel | C36: Incremento 1 | D36: =Planificación!H35 | E36: 4 | F36: 4 | G36: 4 | H36: 4 | I36: 4 | J36: 4 | K36: 4 | L36: 4 | M36: 4 | N36: 4 | O36: 4 | P36: 4 | Q36: 4 | R36: 4 | S36: 4 | T36: 4 | U36: 4 | V36: 2 | W36: 0 | X36: 0 | Y36: 0 | Z36: 0 | AA36: 0 | AB36: 0 | AC36: 0 | AD36: 0 | AE36: 0 | AF36: 0 | AG36: 0 | AH36: 0 | AI36: 0 | AJ36: 0 | AK36: 0 | AL36: 0 | AM36: 0 | AN36: 0 | AO36: 0 | AP36: 0 | AQ36: 0 | AR36: 0 | AS36: 0 | AT36: 0
A37: TA 5.1 – Ejecutando las pruebas de caja negra de los casos de uso del incremento | B37: Josué Barrera | C37: Incremento 1 | D37: =Planificación!H37 | E37: 6 | F37: 6 | G37: 6 | H37: 6 | I37: 6 | J37: 6 | K37: 6 | L37: 6 | M37: 6 | N37: 6 | O37: 6 | P37: 6 | Q37: 6 | R37: 6 | S37: 6 | T37: 6 | U37: 4 | V37: 2 | W37: 0 | X37: 0 | Y37: 0 | Z37: 0 | AA37: 0 | AB37: 0 | AC37: 0 | AD37: 0 | AE37: 0 | AF37: 0 | AG37: 0 | AH37: 0 | AI37: 0 | AJ37: 0 | AK37: 0 | AL37: 0 | AM37: 0 | AN37: 0 | AO37: 0 | AP37: 0 | AQ37: 0 | AR37: 0 | AS37: 0 | AT37: 0
A38: TA 5.2 – Documentando los casos de prueba y su evidencia | B38: Roberto Seguel | C38: Incremento 1 | D38: =Planificación!H38 | E38: 4 | F38: 4 | G38: 4 | H38: 4 | I38: 4 | J38: 4 | K38: 4 | L38: 4 | M38: 4 | N38: 4 | O38: 4 | P38: 4 | Q38: 4 | R38: 4 | S38: 4 | T38: 4 | U38: 4 | V38: 3 | W38: 1 | X38: 0 | Y38: 0 | Z38: 0 | AA38: 0 | AB38: 0 | AC38: 0 | AD38: 0 | AE38: 0 | AF38: 0 | AG38: 0 | AH38: 0 | AI38: 0 | AJ38: 0 | AK38: 0 | AL38: 0 | AM38: 0 | AN38: 0 | AO38: 0 | AP38: 0 | AQ38: 0 | AR38: 0 | AS38: 0 | AT38: 0
A39: TA 5.3 – Corrigiendo los hallazgos levantados en las pruebas | B39: Josué Barrera | C39: Incremento 1 | D39: =Planificación!H39 | E39: 4 | F39: 4 | G39: 4 | H39: 4 | I39: 4 | J39: 4 | K39: 4 | L39: 4 | M39: 4 | N39: 4 | O39: 4 | P39: 4 | Q39: 4 | R39: 4 | S39: 4 | T39: 4 | U39: 4 | V39: 4 | W39: 3 | X39: 1 | Y39: 0 | Z39: 0 | AA39: 0 | AB39: 0 | AC39: 0 | AD39: 0 | AE39: 0 | AF39: 0 | AG39: 0 | AH39: 0 | AI39: 0 | AJ39: 0 | AK39: 0 | AL39: 0 | AM39: 0 | AN39: 0 | AO39: 0 | AP39: 0 | AQ39: 0 | AR39: 0 | AS39: 0 | AT39: 0
A40: SPRINT 2 · INCREMENTO 2 (52 tareas)
A41: TA 1.1 – Montando la máquina virtual Ubuntu Server en el servidor HP ProLiant DL20 | B41: Matías Medina | C41: Incremento 2 | D41: =Planificación!H43 | E41: 6 | F41: 6 | G41: 6 | H41: 6 | I41: 6 | J41: 6 | K41: 6 | L41: 6 | M41: 6 | N41: 6 | O41: 6 | P41: 6 | Q41: 6 | R41: 6 | S41: 6 | T41: 6 | U41: 6 | V41: 6 | W41: 6 | X41: 6 | Y41: 6 | Z41: 3 | AA41: 0 | AB41: 0 | AC41: 0 | AD41: 0 | AE41: 0 | AF41: 0 | AG41: 0 | AH41: 0 | AI41: 0 | AJ41: 0 | AK41: 0 | AL41: 0 | AM41: 0 | AN41: 0 | AO41: 0 | AP41: 0 | AQ41: 0 | AR41: 0 | AS41: 0 | AT41: 0
A42: TA 1.2 – Configurando el acceso del servidor a través del firewall Fortinet 30E | B42: Matías Medina | C42: Incremento 2 | D42: =Planificación!H44 | E42: 6 | F42: 6 | G42: 6 | H42: 6 | I42: 6 | J42: 6 | K42: 6 | L42: 6 | M42: 6 | N42: 6 | O42: 6 | P42: 6 | Q42: 6 | R42: 6 | S42: 6 | T42: 6 | U42: 6 | V42: 6 | W42: 6 | X42: 6 | Y42: 6 | Z42: 3 | AA42: 0 | AB42: 0 | AC42: 0 | AD42: 0 | AE42: 0 | AF42: 0 | AG42: 0 | AH42: 0 | AI42: 0 | AJ42: 0 | AK42: 0 | AL42: 0 | AM42: 0 | AN42: 0 | AO42: 0 | AP42: 0 | AQ42: 0 | AR42: 0 | AS42: 0 | AT42: 0
A43: TA 1.3 – Instalando y configurando PostgreSQL en la máquina virtual | B43: Cristóbal López | C43: Incremento 2 | D43: =Planificación!H45 | E43: 6 | F43: 6 | G43: 6 | H43: 6 | I43: 6 | J43: 6 | K43: 6 | L43: 6 | M43: 6 | N43: 6 | O43: 6 | P43: 6 | Q43: 6 | R43: 6 | S43: 6 | T43: 6 | U43: 6 | V43: 6 | W43: 6 | X43: 6 | Y43: 6 | Z43: 6 | AA43: 3 | AB43: 0 | AC43: 0 | AD43: 0 | AE43: 0 | AF43: 0 | AG43: 0 | AH43: 0 | AI43: 0 | AJ43: 0 | AK43: 0 | AL43: 0 | AM43: 0 | AN43: 0 | AO43: 0 | AP43: 0 | AQ43: 0 | AR43: 0 | AS43: 0 | AT43: 0
A44: TA 1.4 – Configurando el entorno Django y las variables de despliegue | B44: Cristóbal López | C44: Incremento 2 | D44: =Planificación!H46 | E44: 6 | F44: 6 | G44: 6 | H44: 6 | I44: 6 | J44: 6 | K44: 6 | L44: 6 | M44: 6 | N44: 6 | O44: 6 | P44: 6 | Q44: 6 | R44: 6 | S44: 6 | T44: 6 | U44: 6 | V44: 6 | W44: 6 | X44: 6 | Y44: 6 | Z44: 6 | AA44: 4 | AB44: 2 | AC44: 0 | AD44: 0 | AE44: 0 | AF44: 0 | AG44: 0 | AH44: 0 | AI44: 0 | AJ44: 0 | AK44: 0 | AL44: 0 | AM44: 0 | AN44: 0 | AO44: 0 | AP44: 0 | AQ44: 0 | AR44: 0 | AS44: 0 | AT44: 0
A45: TA 1.5 – Publicando el sistema con Gunicorn y WSGI | B45: Matías Medina | C45: Incremento 2 | D45: =Planificación!H47 | E45: 6 | F45: 6 | G45: 6 | H45: 6 | I45: 6 | J45: 6 | K45: 6 | L45: 6 | M45: 6 | N45: 6 | O45: 6 | P45: 6 | Q45: 6 | R45: 6 | S45: 6 | T45: 6 | U45: 6 | V45: 6 | W45: 6 | X45: 6 | Y45: 6 | Z45: 6 | AA45: 6 | AB45: 3 | AC45: 0 | AD45: 0 | AE45: 0 | AF45: 0 | AG45: 0 | AH45: 0 | AI45: 0 | AJ45: 0 | AK45: 0 | AL45: 0 | AM45: 0 | AN45: 0 | AO45: 0 | AP45: 0 | AQ45: 0 | AR45: 0 | AS45: 0 | AT45: 0
A46: TA 1.6 – Configurando el respaldo automático de la base de datos | B46: Cristóbal López | C46: Incremento 2 | D46: =Planificación!H48 | E46: 4 | F46: 4 | G46: 4 | H46: 4 | I46: 4 | J46: 4 | K46: 4 | L46: 4 | M46: 4 | N46: 4 | O46: 4 | P46: 4 | Q46: 4 | R46: 4 | S46: 4 | T46: 4 | U46: 4 | V46: 4 | W46: 4 | X46: 4 | Y46: 4 | Z46: 4 | AA46: 4 | AB46: 4 | AC46: 2 | AD46: 0 | AE46: 0 | AF46: 0 | AG46: 0 | AH46: 0 | AI46: 0 | AJ46: 0 | AK46: 0 | AL46: 0 | AM46: 0 | AN46: 0 | AO46: 0 | AP46: 0 | AQ46: 0 | AR46: 0 | AS46: 0 | AT46: 0
A47: TA 2.1 – Ampliando el modelo de datos y generando las migraciones | B47: Matías Medina | C47: Incremento 2 | D47: =Planificación!H49 | E47: 6 | F47: 6 | G47: 6 | H47: 6 | I47: 6 | J47: 6 | K47: 6 | L47: 6 | M47: 6 | N47: 6 | O47: 6 | P47: 6 | Q47: 6 | R47: 6 | S47: 6 | T47: 6 | U47: 6 | V47: 6 | W47: 6 | X47: 6 | Y47: 6 | Z47: 6 | AA47: 6 | AB47: 4 | AC47: 2 | AD47: 0 | AE47: 0 | AF47: 0 | AG47: 0 | AH47: 0 | AI47: 0 | AJ47: 0 | AK47: 0 | AL47: 0 | AM47: 0 | AN47: 0 | AO47: 0 | AP47: 0 | AQ47: 0 | AR47: 0 | AS47: 0 | AT47: 0
A48: TA 2.2 – Completando el mantenedor de proveedores y su listado de materiales | B48: Cristóbal López | C48: Incremento 2 | D48: =Planificación!H50 | E48: 8 | F48: 8 | G48: 8 | H48: 8 | I48: 8 | J48: 8 | K48: 8 | L48: 8 | M48: 8 | N48: 8 | O48: 8 | P48: 8 | Q48: 8 | R48: 8 | S48: 8 | T48: 8 | U48: 8 | V48: 8 | W48: 8 | X48: 8 | Y48: 8 | Z48: 8 | AA48: 8 | AB48: 8 | AC48: 5 | AD48: 3 | AE48: 0 | AF48: 0 | AG48: 0 | AH48: 0 | AI48: 0 | AJ48: 0 | AK48: 0 | AL48: 0 | AM48: 0 | AN48: 0 | AO48: 0 | AP48: 0 | AQ48: 0 | AR48: 0 | AS48: 0 | AT48: 0
A49: TA 2.3 – Completando el registro de proyectos y la carga del itemizado | B49: Matías Medina | C49: Incremento 2 | D49: =Planificación!H51 | E49: 8 | F49: 8 | G49: 8 | H49: 8 | I49: 8 | J49: 8 | K49: 8 | L49: 8 | M49: 8 | N49: 8 | O49: 8 | P49: 8 | Q49: 8 | R49: 8 | S49: 8 | T49: 8 | U49: 8 | V49: 8 | W49: 8 | X49: 8 | Y49: 8 | Z49: 8 | AA49: 8 | AB49: 8 | AC49: 5 | AD49: 3 | AE49: 0 | AF49: 0 | AG49: 0 | AH49: 0 | AI49: 0 | AJ49: 0 | AK49: 0 | AL49: 0 | AM49: 0 | AN49: 0 | AO49: 0 | AP49: 0 | AQ49: 0 | AR49: 0 | AS49: 0 | AT49: 0
A50: TA 2.4 – Implementando las notificaciones de cambio de estado de la solicitud | B50: Cristóbal López | C50: Incremento 2 | D50: =Planificación!H52 | E50: 6 | F50: 6 | G50: 6 | H50: 6 | I50: 6 | J50: 6 | K50: 6 | L50: 6 | M50: 6 | N50: 6 | O50: 6 | P50: 6 | Q50: 6 | R50: 6 | S50: 6 | T50: 6 | U50: 6 | V50: 6 | W50: 6 | X50: 6 | Y50: 6 | Z50: 6 | AA50: 6 | AB50: 6 | AC50: 6 | AD50: 4 | AE50: 2 | AF50: 0 | AG50: 0 | AH50: 0 | AI50: 0 | AJ50: 0 | AK50: 0 | AL50: 0 | AM50: 0 | AN50: 0 | AO50: 0 | AP50: 0 | AQ50: 0 | AR50: 0 | AS50: 0 | AT50: 0
A51: TA 2.5 – Implementando el registro de cotizaciones por solicitud | B51: Matías Medina | C51: Incremento 2 | D51: =Planificación!H53 | E51: 6 | F51: 6 | G51: 6 | H51: 6 | I51: 6 | J51: 6 | K51: 6 | L51: 6 | M51: 6 | N51: 6 | O51: 6 | P51: 6 | Q51: 6 | R51: 6 | S51: 6 | T51: 6 | U51: 6 | V51: 6 | W51: 6 | X51: 6 | Y51: 6 | Z51: 6 | AA51: 6 | AB51: 6 | AC51: 6 | AD51: 4 | AE51: 3 | AF51: 2 | AG51: 0 | AH51: 0 | AI51: 0 | AJ51: 0 | AK51: 0 | AL51: 0 | AM51: 0 | AN51: 0 | AO51: 0 | AP51: 0 | AQ51: 0 | AR51: 0 | AS51: 0 | AT51: 0
A52: TA 2.6 – Implementando el cálculo automático del valor total de la cotización | B52: Cristóbal López | C52: Incremento 2 | D52: =Planificación!H54 | E52: 6 | F52: 6 | G52: 6 | H52: 6 | I52: 6 | J52: 6 | K52: 6 | L52: 6 | M52: 6 | N52: 6 | O52: 6 | P52: 6 | Q52: 6 | R52: 6 | S52: 6 | T52: 6 | U52: 6 | V52: 6 | W52: 6 | X52: 6 | Y52: 6 | Z52: 6 | AA52: 6 | AB52: 6 | AC52: 6 | AD52: 6 | AE52: 6 | AF52: 4 | AG52: 2 | AH52: 0 | AI52: 0 | AJ52: 0 | AK52: 0 | AL52: 0 | AM52: 0 | AN52: 0 | AO52: 0 | AP52: 0 | AQ52: 0 | AR52: 0 | AS52: 0 | AT52: 0
... A92: TA 5.6 – Ejecutando la segunda y la tercera iteración de pruebas de caja negra | B92: Catalina Lino | C92: Incremento 2 | D92: =Planificación!H94 | E92: 8 | F92: 8 | G92: 8 | H92: 8 | I92: 8 | J92: 8 | K92: 8 | L92: 8 | M92: 8 | N92: 8 | O92: 8 | P92: 8 | Q92: 8 | R92: 8 | S92: 8 | T92: 8 | U92: 8 | V92: 8 | W92: 8 | X92: 8 | Y92: 8 | Z92: 8 | AA92: 8 | AB92: 8 | AC92: 8 | AD92: 8 | AE92: 8 | AF92: 8 | AG92: 8 | AH92: 8 | AI92: 8 | AJ92: 8 | AK92: 8 | AL92: 8 | AM92: 8 | AN92: 8 | AO92: 8 | AP92: 6 | AQ92: 4 | AR92: 2 | AS92: 0 | AT92: 0
A93: Total HH efectivas acumuladas (Incrementos 1 y 2) | D93: =SUM(D11:D39)+SUM(D41:D92)
A94: SPRINT 3 · INCREMENTO 3 (33 tareas)
A95: TA 1.1 – Ampliando el modelo de datos con las tablas de auditoría y las vistas agregadas para reportes | B95: Alexander Hanke | C95: Incremento 3 | E95: 10 | F95: 10 | G95: 10 | H95: 10 | I95: 10 | J95: 10 | K95: 10 | L95: 10 | M95: 10 | N95: 10 | O95: 10 | P95: 10 | Q95: 10 | R95: 10 | S95: 10 | T95: 10 | U95: 10 | V95: 10 | W95: 10 | X95: 10 | Y95: 10 | Z95: 10 | AA95: 10 | AB95: 10 | AC95: 10 | AD95: 10 | AE95: 10 | AF95: 10 | AG95: 10 | AH95: 10 | AI95: 10 | AJ95: 10 | AK95: 10 | AL95: 10 | AM95: 10 | AN95: 10 | AO95: 10 | AP95: 10 | AQ95: 10 | AR95: 10 | AS95: 10 | AT95: 10 | AU95: 10 | AV95: 5 | AW95: 0 | AX95: 0 | AY95: 0 | AZ95: 0 | BA95: 0 | BB95: 0 | BC95: 0 | BD95: 0 | BE95: 0 | BF95: 0 | BG95: 0 | BH95: 0 | BI95: 0 | BJ95: 0 | BK95: 0 | BL95: 0 | BM95: 0
A96: TA 1.2 – Generando y aplicando las migraciones del incremento | B96: Cristóbal López | C96: Incremento 3 | E96: 4 | F96: 4 | G96: 4 | H96: 4 | I96: 4 | J96: 4 | K96: 4 | L96: 4 | M96: 4 | N96: 4 | O96: 4 | P96: 4 | Q96: 4 | R96: 4 | S96: 4 | T96: 4 | U96: 4 | V96: 4 | W96: 4 | X96: 4 | Y96: 4 | Z96: 4 | AA96: 4 | AB96: 4 | AC96: 4 | AD96: 4 | AE96: 4 | AF96: 4 | AG96: 4 | AH96: 4 | AI96: 4 | AJ96: 4 | AK96: 4 | AL96: 4 | AM96: 4 | AN96: 4 | AO96: 4 | AP96: 4 | AQ96: 4 | AR96: 4 | AS96: 4 | AT96: 4 | AU96: 4 | AV96: 4 | AW96: 0 | AX96: 0 | AY96: 0 | AZ96: 0 | BA96: 0 | BB96: 0 | BC96: 0 | BD96: 0 | BE96: 0 | BF96: 0 | BG96: 0 | BH96: 0 | BI96: 0 | BJ96: 0 | BK96: 0 | BL96: 0 | BM96: 0
A97: TA 1.3 – Configurando el job programado de cierre de sesión por inactividad | B97: Matías Medina | C97: Incremento 3 | E97: 4 | F97: 4 | G97: 4 | H97: 4 | I97: 4 | J97: 4 | K97: 4 | L97: 4 | M97: 4 | N97: 4 | O97: 4 | P97: 4 | Q97: 4 | R97: 4 | S97: 4 | T97: 4 | U97: 4 | V97: 4 | W97: 4 | X97: 4 | Y97: 4 | Z97: 4 | AA97: 4 | AB97: 4 | AC97: 4 | AD97: 4 | AE97: 4 | AF97: 4 | AG97: 4 | AH97: 4 | AI97: 4 | AJ97: 4 | AK97: 4 | AL97: 4 | AM97: 4 | AN97: 4 | AO97: 4 | AP97: 4 | AQ97: 4 | AR97: 4 | AS97: 4 | AT97: 4 | AU97: 4 | AV97: 4 | AW97: 4 | AX97: 0 | AY97: 0 | AZ97: 0 | BA97: 0 | BB97: 0 | BC97: 0 | BD97: 0 | BE97: 0 | BF97: 0 | BG97: 0 | BH97: 0 | BI97: 0 | BJ97: 0 | BK97: 0 | BL97: 0 | BM97: 0
A98: TA 2.1 – Implementando el reporte de consumo consolidado por proyecto | B98: Matías Medina | C98: Incremento 3 | E98: 10 | F98: 10 | G98: 10 | H98: 10 | I98: 10 | J98: 10 | K98: 10 | L98: 10 | M98: 10 | N98: 10 | O98: 10 | P98: 10 | Q98: 10 | R98: 10 | S98: 10 | T98: 10 | U98: 10 | V98: 10 | W98: 10 | X98: 10 | Y98: 10 | Z98: 10 | AA98: 10 | AB98: 10 | AC98: 10 | AD98: 10 | AE98: 10 | AF98: 10 | AG98: 10 | AH98: 10 | AI98: 10 | AJ98: 10 | AK98: 10 | AL98: 10 | AM98: 10 | AN98: 10 | AO98: 10 | AP98: 10 | AQ98: 10 | AR98: 10 | AS98: 10 | AT98: 10 | AU98: 10 | AV98: 10 | AW98: 10 | AX98: 5 | AY98: 0 | AZ98: 0 | BA98: 0 | BB98: 0 | BC98: 0 | BD98: 0 | BE98: 0 | BF98: 0 | BG98: 0 | BH98: 0 | BI98: 0 | BJ98: 0 | BK98: 0 | BL98: 0 | BM98: 0
A99: TA 2.2 – Implementando el reporte de Desviación Presupuestaria | B99: Cristóbal López | C99: Incremento 3 | E99: 8 | F99: 8 | G99: 8 | H99: 8 | I99: 8 | J99: 8 | K99: 8 | L99: 8 | M99: 8 | N99: 8 | O99: 8 | P99: 8 | Q99: 8 | R99: 8 | S99: 8 | T99: 8 | U99: 8 | V99: 8 | W99: 8 | X99: 8 | Y99: 8 | Z99: 8 | AA99: 8 | AB99: 8 | AC99: 8 | AD99: 8 | AE99: 8 | AF99: 8 | AG99: 8 | AH99: 8 | AI99: 8 | AJ99: 8 | AK99: 8 | AL99: 8 | AM99: 8 | AN99: 8 | AO99: 8 | AP99: 8 | AQ99: 8 | AR99: 8 | AS99: 8 | AT99: 8 | AU99: 8 | AV99: 8 | AW99: 8 | AX99: 8 | AY99: 4 | AZ99: 0 | BA99: 0 | BB99: 0 | BC99: 0 | BD99: 0 | BE99: 0 | BF99: 0 | BG99: 0 | BH99: 0 | BI99: 0 | BJ99: 0 | BK99: 0 | BL99: 0 | BM99: 0
A100: TA 2.3 – Implementando el reporte de Mermas y Pérdidas | B100: Matías Medina | C100: Incremento 3 | E100: 8 | F100: 8 | G100: 8 | H100: 8 | I100: 8 | J100: 8 | K100: 8 | L100: 8 | M100: 8 | N100: 8 | O100: 8 | P100: 8 | Q100: 8 | R100: 8 | S100: 8 | T100: 8 | U100: 8 | V100: 8 | W100: 8 | X100: 8 | Y100: 8 | Z100: 8 | AA100: 8 | AB100: 8 | AC100: 8 | AD100: 8 | AE100: 8 | AF100: 8 | AG100: 8 | AH100: 8 | AI100: 8 | AJ100: 8 | AK100: 8 | AL100: 8 | AM100: 8 | AN100: 8 | AO100: 8 | AP100: 8 | AQ100: 8 | AR100: 8 | AS100: 8 | AT100: 8 | AU100: 8 | AV100: 8 | AW100: 8 | AX100: 8 | AY100: 8 | AZ100: 4 | BA100: 0 | BB100: 0 | BC100: 0 | BD100: 0 | BE100: 0 | BF100: 0 | BG100: 0 | BH100: 0 | BI100: 0 | BJ100: 0 | BK100: 0 | BL100: 0 | BM100: 0
A101: TA 2.4 – Implementando el historial de compras por proveedor | B101: Cristóbal López | C101: Incremento 3 | E101: 6 | F101: 6 | G101: 6 | H101: 6 | I101: 6 | J101: 6 | K101: 6 | L101: 6 | M101: 6 | N101: 6 | O101: 6 | P101: 6 | Q101: 6 | R101: 6 | S101: 6 | T101: 6 | U101: 6 | V101: 6 | W101: 6 | X101: 6 | Y101: 6 | Z101: 6 | AA101: 6 | AB101: 6 | AC101: 6 | AD101: 6 | AE101: 6 | AF101: 6 | AG101: 6 | AH101: 6 | AI101: 6 | AJ101: 6 | AK101: 6 | AL101: 6 | AM101: 6 | AN101: 6 | AO101: 6 | AP101: 6 | AQ101: 6 | AR101: 6 | AS101: 6 | AT101: 6 | AU101: 6 | AV101: 6 | AW101: 6 | AX101: 6 | AY101: 6 | AZ101: 6 | BA101: 3 | BB101: 0 | BC101: 0 | BD101: 0 | BE101: 0 | BF101: 0 | BG101: 0 | BH101: 0 | BI101: 0 | BJ101: 0 | BK101: 0 | BL101: 0 | BM101: 0
A102: TA 2.5 – Implementando la exportación de reportes a Excel y PDF | B102: Matías Medina | C102: Incremento 3 | E102: 8 | F102: 8 | G102: 8 | H102: 8 | I102: 8 | J102: 8 | K102: 8 | L102: 8 | M102: 8 | N102: 8 | O102: 8 | P102: 8 | Q102: 8 | R102: 8 | S102: 8 | T102: 8 | U102: 8 | V102: 8 | W102: 8 | X102: 8 | Y102: 8 | Z102: 8 | AA102: 8 | AB102: 8 | AC102: 8 | AD102: 8 | AE102: 8 | AF102: 8 | AG102: 8 | AH102: 8 | AI102: 8 | AJ102: 8 | AK102: 8 | AL102: 8 | AM102: 8 | AN102: 8 | AO102: 8 | AP102: 8 | AQ102: 8 | AR102: 8 | AS102: 8 | AT102: 8 | AU102: 8 | AV102: 8 | AW102: 8 | AX102: 8 | AY102: 8 | AZ102: 8 | BA102: 8 | BB102: 4 | BC102: 0 | BD102: 0 | BE102: 0 | BF102: 0 | BG102: 0 | BH102: 0 | BI102: 0 | BJ102: 0 | BK102: 0 | BL102: 0 | BM102: 0
A103: TA 2.6 – Implementando el buscador de trazabilidad de material u Orden de Compra | B103: Cristóbal López | C103: Incremento 3 | E103: 10 | F103: 10 | G103: 10 | H103: 10 | I103: 10 | J103: 10 | K103: 10 | L103: 10 | M103: 10 | N103: 10 | O103: 10 | P103: 10 | Q103: 10 | R103: 10 | S103: 10 | T103: 10 | U103: 10 | V103: 10 | W103: 10 | X103: 10 | Y103: 10 | Z103: 10 | AA103: 10 | AB103: 10 | AC103: 10 | AD103: 10 | AE103: 10 | AF103: 10 | AG103: 10 | AH103: 10 | AI103: 10 | AJ103: 10 | AK103: 10 | AL103: 10 | AM103: 10 | AN103: 10 | AO103: 10 | AP103: 10 | AQ103: 10 | AR103: 10 | AS103: 10 | AT103: 10 | AU103: 10 | AV103: 10 | AW103: 10 | AX103: 10 | AY103: 10 | AZ103: 10 | BA103: 10 | BB103: 10 | BC103: 5 | BD103: 0 | BE103: 0 | BF103: 0 | BG103: 0 | BH103: 0 | BI103: 0 | BJ103: 0 | BK103: 0 | BL103: 0 | BM103: 0
A104: TA 2.7 – Implementando el envío del enlace temporal de activación de cuenta | B104: Matías Medina | C104: Incremento 3 | E104: 4 | F104: 4 | G104: 4 | H104: 4 | I104: 4 | J104: 4 | K104: 4 | L104: 4 | M104: 4 | N104: 4 | O104: 4 | P104: 4 | Q104: 4 | R104: 4 | S104: 4 | T104: 4 | U104: 4 | V104: 4 | W104: 4 | X104: 4 | Y104: 4 | Z104: 4 | AA104: 4 | AB104: 4 | AC104: 4 | AD104: 4 | AE104: 4 | AF104: 4 | AG104: 4 | AH104: 4 | AI104: 4 | AJ104: 4 | AK104: 4 | AL104: 4 | AM104: 4 | AN104: 4 | AO104: 4 | AP104: 4 | AQ104: 4 | AR104: 4 | AS104: 4 | AT104: 4 | AU104: 4 | AV104: 4 | AW104: 4 | AX104: 4 | AY104: 4 | AZ104: 4 | BA104: 4 | BB104: 4 | BC104: 4 | BD104: 0 | BE104: 0 | BF104: 0 | BG104: 0 | BH104: 0 | BI104: 0 | BJ104: 0 | BK104: 0 | BL104: 0 | BM104: 0
A105: TA 2.8 – Implementando el cierre de sesión automático por inactividad | B105: Cristóbal López | C105: Incremento 3 | E105: 4 | F105: 4 | G105: 4 | H105: 4 | I105: 4 | J105: 4 | K105: 4 | L105: 4 | M105: 4 | N105: 4 | O105: 4 | P105: 4 | Q105: 4 | R105: 4 | S105: 4 | T105: 4 | U105: 4 | V105: 4 | W105: 4 | X105: 4 | Y105: 4 | Z105: 4 | AA105: 4 | AB105: 4 | AC105: 4 | AD105: 4 | AE105: 4 | AF105: 4 | AG105: 4 | AH105: 4 | AI105: 4 | AJ105: 4 | AK105: 4 | AL105: 4 | AM105: 4 | AN105: 4 | AO105: 4 | AP105: 4 | AQ105: 4 | AR105: 4 | AS105: 4 | AT105: 4 | AU105: 4 | AV105: 4 | AW105: 4 | AX105: 4 | AY105: 4 | AZ105: 4 | BA105: 4 | BB105: 4 | BC105: 4 | BD105: 4 | BE105: 0 | BF105: 0 | BG105: 0 | BH105: 0 | BI105: 0 | BJ105: 0 | BK105: 0 | BL105: 0 | BM105: 0
A106: TA 2.9 – Implementando la recuperación de contraseña por correo electrónico | B106: Matías Medina | C106: Incremento 3 | E106: 8 | F106: 8 | G106: 8 | H106: 8 | I106: 8 | J106: 8 | K106: 8 | L106: 8 | M106: 8 | N106: 8 | O106: 8 | P106: 8 | Q106: 8 | R106: 8 | S106: 8 | T106: 8 | U106: 8 | V106: 8 | W106: 8 | X106: 8 | Y106: 8 | Z106: 8 | AA106: 8 | AB106: 8 | AC106: 8 | AD106: 8 | AE106: 8 | AF106: 8 | AG106: 8 | AH106: 8 | AI106: 8 | AJ106: 8 | AK106: 8 | AL106: 8 | AM106: 8 | AN106: 8 | AO106: 8 | AP106: 8 | AQ106: 8 | AR106: 8 | AS106: 8 | AT106: 8 | AU106: 8 | AV106: 8 | AW106: 8 | AX106: 8 | AY106: 8 | AZ106: 8 | BA106: 8 | BB106: 8 | BC106: 8 | BD106: 8 | BE106: 4 | BF106: 0 | BG106: 0 | BH106: 0 | BI106: 0 | BJ106: 0 | BK106: 0 | BL106: 0 | BM106: 0
... A127: TA 5.5 – Revisando la coherencia entre el documento y el sistema construido | B127: Roberto Seguel | C127: Incremento 3 | E127: 4 | F127: 4 | G127: 4 | H127: 4 | I127: 4 | J127: 4 | K127: 4 | L127: 4 | M127: 4 | N127: 4 | O127: 4 | P127: 4 | Q127: 4 | R127: 4 | S127: 4 | T127: 4 | U127: 4 | V127: 4 | W127: 4 | X127: 4 | Y127: 4 | Z127: 4 | AA127: 4 | AB127: 4 | AC127: 4 | AD127: 4 | AE127: 4 | AF127: 4 | AG127: 4 | AH127: 4 | AI127: 4 | AJ127: 4 | AK127: 4 | AL127: 4 | AM127: 4 | AN127: 4 | AO127: 4 | AP127: 4 | AQ127: 4 | AR127: 4 | AS127: 4 | AT127: 4 | AU127: 4 | AV127: 4 | AW127: 4 | AX127: 4 | AY127: 4 | AZ127: 4 | BA127: 4 | BB127: 4 | BC127: 4 | BD127: 4 | BE127: 4 | BF127: 4 | BG127: 4 | BH127: 4 | BI127: 4 | BJ127: 4 | BK127: 4 | BL127: 4 | BM127: 0
A131: Durante los días de los Sprint 1 y Sprint 2, las tareas del Sprint 3 figuran con la totalidad de sus horas pendientes, porque el alcance ya estaba planificado y aún no se había ejecutado.
A133: Mapa de calor: gris = tarea terminada · verde = pocas horas pendientes · naranjo = muchas horas pendientes.
A134: Durante los 21 días del Sprint 1 las tareas del Sprint 2 figuran con la totalidad de sus horas pendientes, porque el alcance ya estaba comprometido y aún no se ejecutaba.

Sheet Gráficas acumuladas
A1: Gráficas de seguimiento acumuladas — Incrementos 1, 2 y 3
A2: 61 días de sprint: 21 del Sprint 1, 21 del Sprint 2 y 19 del Sprint 3. El esfuerzo pendiente parte del total de los tres incrementos y no se reinicia al cambiar de sprint. La línea planificada se calcula por tramo con las horas estimadas de cada incremento, y la real con las horas efectivas.
A4: Día | B4: Fecha | C4: Sprint | D4: Pendiente real (HH) | E4: Pendiente planificado (HH) | F4: Acumulado real (HH) | G4: Acumulado planificado (HH) | H4: Alcance comprometido (HH)
A5: 0 | B5: Inicio | C5: Sprint 1 | D5: ='Tabla de Esfuerzo'!$D$93+'Tabla de Esfuerzo'!$E$9 | E5: =Planificación!$E$133 | F5: =$D$5-D5 | G5: =Planificación!$E$133-E5 | H5: =Planificación!$H$40
A6: 1 | B6: 27-07 | C6: Sprint 1 | D6: ='Tabla de Esfuerzo'!E6 | E6: =ROUND(Planificación!$E$133-Planificación!$E$40*A6/21,0) | F6: =$D$5-D6 | G6: =Planificación!$E$133-E6 | H6: =Planificación!$H$40
A7: 2 | B7: 28-07 | C7: Sprint 1 | D7: ='Tabla de Esfuerzo'!F6 | E7: =ROUND(Planificación!$E$133-Planificación!$E$40*A7/21,0) | F7: =$D$5-D7 | G7: =Planificación!$E$133-E7 | H7: =Planificación!$H$40
A8: 3 | B8: 29-07 | C8: Sprint 1 | D8: ='Tabla de Esfuerzo'!G6 | E8: =ROUND(Planificación!$E$133-Planificación!$E$40*A8/21,0) | F8: =$D$5-D8 | G8: =Planificación!$E$133-E8 | H8: =Planificación!$H$40
A9: 4 | B9: 30-07 | C9: Sprint 1 | D9: ='Tabla de Esfuerzo'!H6 | E9: =ROUND(Planificación!$E$133-Planificación!$E$40*A9/21,0) | F9: =$D$5-D9 | G9: =Planificación!$E$133-E9 | H9: =Planificación!$H$40
A10: 5 | B10: 31-07 | C10: Sprint 1 | D10: ='Tabla de Esfuerzo'!I6 | E10: =ROUND(Planificación!$E$133-Planificación!$E$40*A10/21,0) | F10: =$D$5-D10 | G10: =Planificación!$E$133-E10 | H10: =Planificación!$H$40
A11: 6 | B11: 01-08 | C11: Sprint 1 | D11: ='Tabla de Esfuerzo'!J6 | E11: =ROUND(Planificación!$E$133-Planificación!$E$40*A11/21,0) | F11: =$D$5-D11 | G11: =Planificación!$E$133-E11 | H11: =Planificación!$H$40
A12: 7 | B12: 02-08 | C12: Sprint 1 | D12: ='Tabla de Esfuerzo'!K6 | E12: =ROUND(Planificación!$E$133-Planificación!$E$40*A12/21,0) | F12: =$D$5-D12 | G12: =Planificación!$E$133-E12 | H12: =Planificación!$H$40
A13: 8 | B13: 03-08 | C13: Sprint 1 | D13: ='Tabla de Esfuerzo'!L6 | E13: =ROUND(Planificación!$E$133-Planificación!$E$40*A13/21,0) | F13: =$D$5-D13 | G13: =Planificación!$E$133-E13 | H13: =Planificación!$H$40
A14: 9 | B14: 04-08 | C14: Sprint 1 | D14: ='Tabla de Esfuerzo'!M6 | E14: =ROUND(Planificación!$E$133-Planificación!$E$40*A14/21,0) | F14: =$D$5-D14 | G14: =Planificación!$E$133-E14 | H14: =Planificación!$H$40
A15: 10 | B15: 05-08 | C15: Sprint 1 | D15: ='Tabla de Esfuerzo'!N6 | E15: =ROUND(Planificación!$E$133-Planificación!$E$40*A15/21,0) | F15: =$D$5-D15 | G15: =Planificación!$E$133-E15 | H15: =Planificación!$H$40
A16: 11 | B16: 06-08 | C16: Sprint 1 | D16: ='Tabla de Esfuerzo'!O6 | E16: =ROUND(Planificación!$E$133-Planificación!$E$40*A16/21,0) | F16: =$D$5-D16 | G16: =Planificación!$E$133-E16 | H16: =Planificación!$H$40
A17: 12 | B17: 07-08 | C17: Sprint 1 | D17: ='Tabla de Esfuerzo'!P6 | E17: =ROUND(Planificación!$E$133-Planificación!$E$40*A17/21,0) | F17: =$D$5-D17 | G17: =Planificación!$E$133-E17 | H17: =Planificación!$H$40
A18: 13 | B18: 08-08 | C18: Sprint 1 | D18: ='Tabla de Esfuerzo'!Q6 | E18: =ROUND(Planificación!$E$133-Planificación!$E$40*A18/21,0) | F18: =$D$5-D18 | G18: =Planificación!$E$133-E18 | H18: =Planificación!$H$40
A19: 14 | B19: 09-08 | C19: Sprint 1 | D19: ='Tabla de Esfuerzo'!R6 | E19: =ROUND(Planificación!$E$133-Planificación!$E$40*A19/21,0) | F19: =$D$5-D19 | G19: =Planificación!$E$133-E19 | H19: =Planificación!$H$40
A20: 15 | B20: 10-08 | C20: Sprint 1 | D20: ='Tabla de Esfuerzo'!S6 | E20: =ROUND(Planificación!$E$133-Planificación!$E$40*A20/21,0) | F20: =$D$5-D20 | G20: =Planificación!$E$133-E20 | H20: =Planificación!$H$40
A21: 16 | B21: 11-08 | C21: Sprint 1 | D21: ='Tabla de Esfuerzo'!T6 | E21: =ROUND(Planificación!$E$133-Planificación!$E$40*A21/21,0) | F21: =$D$5-D21 | G21: =Planificación!$E$133-E21 | H21: =Planificación!$H$40
A22: 17 | B22: 12-08 | C22: Sprint 1 | D22: ='Tabla de Esfuerzo'!U6 | E22: =ROUND(Planificación!$E$133-Planificación!$E$40*A22/21,0) | F22: =$D$5-D22 | G22: =Planificación!$E$133-E22 | H22: =Planificación!$H$40
A23: 18 | B23: 13-08 | C23: Sprint 1 | D23: ='Tabla de Esfuerzo'!V6 | E23: =ROUND(Planificación!$E$133-Planificación!$E$40*A23/21,0) | F23: =$D$5-D23 | G23: =Planificación!$E$133-E23 | H23: =Planificación!$H$40
A24: 19 | B24: 14-08 | C24: Sprint 1 | D24: ='Tabla de Esfuerzo'!W6 | E24: =ROUND(Planificación!$E$133-Planificación!$E$40*A24/21,0) | F24: =$D$5-D24 | G24: =Planificación!$E$133-E24 | H24: =Planificación!$H$40
A25: 20 | B25: 15-08 | C25: Sprint 1 | D25: ='Tabla de Esfuerzo'!X6 | E25: =ROUND(Planificación!$E$133-Planificación!$E$40*A25/21,0) | F25: =$D$5-D25 | G25: =Planificación!$E$133-E25 | H25: =Planificación!$H$40
A26: 21 | B26: 16-08 | C26: Sprint 1 | D26: ='Tabla de Esfuerzo'!Y6 | E26: =ROUND(Planificación!$E$133-Planificación!$E$40*A26/21,0) | F26: =$D$5-D26 | G26: =Planificación!$E$133-E26 | H26: =Planificación!$H$40
A27: 22 | B27: 24-08 | C27: Sprint 2 | D27: ='Tabla de Esfuerzo'!Z6 | E27: =ROUND(Planificación!$E$133-Planificación!$E$40-Planificación!$E$95*(A27-21)/21,0) | F27: =$D$5-D27 | G27: =Planificación!$E$133-E27 | H27: ='Tabla de Esfuerzo'!$D$93
A28: 23 | B28: 25-08 | C28: Sprint 2 | D28: ='Tabla de Esfuerzo'!AA6 | E28: =ROUND(Planificación!$E$133-Planificación!$E$40-Planificación!$E$95*(A28-21)/21,0) | F28: =$D$5-D28 | G28: =Planificación!$E$133-E28 | H28: ='Tabla de Esfuerzo'!$D$93
A29: 24 | B29: 26-08 | C29: Sprint 2 | D29: ='Tabla de Esfuerzo'!AB6 | E29: =ROUND(Planificación!$E$133-Planificación!$E$40-Planificación!$E$95*(A29-21)/21,0) | F29: =$D$5-D29 | G29: =Planificación!$E$133-E29 | H29: ='Tabla de Esfuerzo'!$D$93
A30: 25 | B30: 27-08 | C30: Sprint 2 | D30: ='Tabla de Esfuerzo'!AC6 | E30: =ROUND(Planificación!$E$133-Planificación!$E$40-Planificación!$E$95*(A30-21)/21,0) | F30: =$D$5-D30 | G30: =Planificación!$E$133-E30 | H30: ='Tabla de Esfuerzo'!$D$93
A31: 26 | B31: 28-08 | C31: Sprint 2 | D31: ='Tabla de Esfuerzo'!AD6 | E31: =ROUND(Planificación!$E$133-Planificación!$E$40-Planificación!$E$95*(A31-21)/21,0) | F31: =$D$5-D31 | G31: =Planificación!$E$133-E31 | H31: ='Tabla de Esfuerzo'!$D$93
A32: 27 | B32: 29-08 | C32: Sprint 2 | D32: ='Tabla de Esfuerzo'!AE6 | E32: =ROUND(Planificación!$E$133-Planificación!$E$40-Planificación!$E$95*(A32-21)/21,0) | F32: =$D$5-D32 | G32: =Planificación!$E$133-E32 | H32: ='Tabla de Esfuerzo'!$D$93
A33: 28 | B33: 30-08 | C33: Sprint 2 | D33: ='Tabla de Esfuerzo'!AF6 | E33: =ROUND(Planificación!$E$133-Planificación!$E$40-Planificación!$E$95*(A33-21)/21,0) | F33: =$D$5-D33 | G33: =Planificación!$E$133-E33 | H33: ='Tabla de Esfuerzo'!$D$93
A34: 29 | B34: 31-08 | C34: Sprint 2 | D34: ='Tabla de Esfuerzo'!AG6 | E34: =ROUND(Planificación!$E$133-Planificación!$E$40-Planificación!$E$95*(A34-21)/21,0) | F34: =$D$5-D34 | G34: =Planificación!$E$133-E34 | H34: ='Tabla de Esfuerzo'!$D$93
A35: 30 | B35: 01-09 | C35: Sprint 2 | D35: ='Tabla de Esfuerzo'!AH6 | E35: =ROUND(Planificación!$E$133-Planificación!$E$40-Planificación!$E$95*(A35-21)/21,0) | F35: =$D$5-D35 | G35: =Planificación!$E$133-E35 | H35: ='Tabla de Esfuerzo'!$D$93
A36: 31 | B36: 02-09 | C36: Sprint 2 | D36: ='Tabla de Esfuerzo'!AI6 | E36: =ROUND(Planificación!$E$133-Planificación!$E$40-Planificación!$E$95*(A36-21)/21,0) | F36: =$D$5-D36 | G36: =Planificación!$E$133-E36 | H36: ='Tabla de Esfuerzo'!$D$93
A37: 32 | B37: 03-09 | C37: Sprint 2 | D37: ='Tabla de Esfuerzo'!AJ6 | E37: =ROUND(Planificación!$E$133-Planificación!$E$40-Planificación!$E$95*(A37-21)/21,0) | F37: =$D$5-D37 | G37: =Planificación!$E$133-E37 | H37: ='Tabla de Esfuerzo'!$D$93
A38: 33 | B38: 04-09 | C38: Sprint 2 | D38: ='Tabla de Esfuerzo'!AK6 | E38: =ROUND(Planificación!$E$133-Planificación!$E$40-Planificación!$E$95*(A38-21)/21,0) | F38: =$D$5-D38 | G38: =Planificación!$E$133-E38 | H38: ='Tabla de Esfuerzo'!$D$93
A39: 34 | B39: 05-09 | C39: Sprint 2 | D39: ='Tabla de Esfuerzo'!AL6 | E39: =ROUND(Planificación!$E$133-Planificación!$E$40-Planificación!$E$95*(A39-21)/21,0) | F39: =$D$5-D39 | G39: =Planificación!$E$133-E39 | H39: ='Tabla de Esfuerzo'!$D$93
A40: 35 | B40: 06-09 | C40: Sprint 2 | D40: ='Tabla de Esfuerzo'!AM6 | E40: =ROUND(Planificación!$E$133-Planificación!$E$40-Planificación!$E$95*(A40-21)/21,0) | F40: =$D$5-D40 | G40: =Planificación!$E$133-E40 | H40: ='Tabla de Esfuerzo'!$D$93
A41: 36 | B41: 07-09 | C41: Sprint 2 | D41: ='Tabla de Esfuerzo'!AN6 | E41: =ROUND(Planificación!$E$133-Planificación!$E$40-Planificación!$E$95*(A41-21)/21,0) | F41: =$D$5-D41 | G41: =Planificación!$E$133-E41 | H41: ='Tabla de Esfuerzo'!$D$93
A42: 37 | B42: 08-09 | C42: Sprint 2 | D42: ='Tabla de Esfuerzo'!AO6 | E42: =ROUND(Planificación!$E$133-Planificación!$E$40-Planificación!$E$95*(A42-21)/21,0) | F42: =$D$5-D42 | G42: =Planificación!$E$133-E42 | H42: ='Tabla de Esfuerzo'!$D$93
A43: 38 | B43: 09-09 | C43: Sprint 2 | D43: ='Tabla de Esfuerzo'!AP6 | E43: =ROUND(Planificación!$E$133-Planificación!$E$40-Planificación!$E$95*(A43-21)/21,0) | F43: =$D$5-D43 | G43: =Planificación!$E$133-E43 | H43: ='Tabla de Esfuerzo'!$D$93
A44: 39 | B44: 10-09 | C44: Sprint 2 | D44: ='Tabla de Esfuerzo'!AQ6 | E44: =ROUND(Planificación!$E$133-Planificación!$E$40-Planificación!$E$95*(A44-21)/21,0) | F44: =$D$5-D44 | G44: =Planificación!$E$133-E44 | H44: ='Tabla de Esfuerzo'!$D$93
A45: 40 | B45: 11-09 | C45: Sprint 2 | D45: ='Tabla de Esfuerzo'!AR6 | E45: =ROUND(Planificación!$E$133-Planificación!$E$40-Planificación!$E$95*(A45-21)/21,0) | F45: =$D$5-D45 | G45: =Planificación!$E$133-E45 | H45: ='Tabla de Esfuerzo'!$D$93
A46: 41 | B46: 12-09 | C46: Sprint 2 | D46: ='Tabla de Esfuerzo'!AS6 | E46: =ROUND(Planificación!$E$133-Planificación!$E$40-Planificación!$E$95*(A46-21)/21,0) | F46: =$D$5-D46 | G46: =Planificación!$E$133-E46 | H46: ='Tabla de Esfuerzo'!$D$93
A47: 42 | B47: 13-09 | C47: Sprint 2 | D47: ='Tabla de Esfuerzo'!AT6 | E47: =ROUND(Planificación!$E$133-Planificación!$E$40-Planificación!$E$95*(A47-21)/21,0) | F47: =$D$5-D47 | G47: =Planificación!$E$133-E47 | H47: ='Tabla de Esfuerzo'!$D$93
A48: 43 | B48: 15-09 | C48: Sprint 3 | D48: ='Tabla de Esfuerzo'!AU6 | E48: =ROUND(Planificación!$E$131-Planificación!$E$131*(A48-42)/19,0) | F48: =$D$5-D48 | G48: =Planificación!$E$133-E48 | H48: =$D$5
A49: 44 | B49: 16-09 | C49: Sprint 3 | D49: ='Tabla de Esfuerzo'!AV6 | E49: =ROUND(Planificación!$E$131-Planificación!$E$131*(A49-42)/19,0) | F49: =$D$5-D49 | G49: =Planificación!$E$133-E49 | H49: =$D$5
A50: 45 | B50: 17-09 | C50: Sprint 3 | D50: ='Tabla de Esfuerzo'!AW6 | E50: =ROUND(Planificación!$E$131-Planificación!$E$131*(A50-42)/19,0) | F50: =$D$5-D50 | G50: =Planificación!$E$133-E50 | H50: =$D$5
A51: 46 | B51: 18-09 | C51: Sprint 3 | D51: ='Tabla de Esfuerzo'!AX6 | E51: =ROUND(Planificación!$E$131-Planificación!$E$131*(A51-42)/19,0) | F51: =$D$5-D51 | G51: =Planificación!$E$133-E51 | H51: =$D$5
A52: 47 | B52: 19-09 | C52: Sprint 3 | D52: ='Tabla de Esfuerzo'!AY6 | E52: =ROUND(Planificación!$E$131-Planificación!$E$131*(A52-42)/19,0) | F52: =$D$5-D52 | G52: =Planificación!$E$133-E52 | H52: =$D$5
A53: 48 | B53: 20-09 | C53: Sprint 3 | D53: ='Tabla de Esfuerzo'!AZ6 | E53: =ROUND(Planificación!$E$131-Planificación!$E$131*(A53-42)/19,0) | F53: =$D$5-D53 | G53: =Planificación!$E$133-E53 | H53: =$D$5
A54: 49 | B54: 21-09 | C54: Sprint 3 | D54: ='Tabla de Esfuerzo'!BA6 | E54: =ROUND(Planificación!$E$131-Planificación!$E$131*(A54-42)/19,0) | F54: =$D$5-D54 | G54: =Planificación!$E$133-E54 | H54: =$D$5
A55: 50 | B55: 22-09 | C55: Sprint 3 | D55: ='Tabla de Esfuerzo'!BB6 | E55: =ROUND(Planificación!$E$131-Planificación!$E$131*(A55-42)/19,0) | F55: =$D$5-D55 | G55: =Planificación!$E$133-E55 | H55: =$D$5
A56: 51 | B56: 23-09 | C56: Sprint 3 | D56: ='Tabla de Esfuerzo'!BC6 | E56: =ROUND(Planificación!$E$131-Planificación!$E$131*(A56-42)/19,0) | F56: =$D$5-D56 | G56: =Planificación!$E$133-E56 | H56: =$D$5
A57: 52 | B57: 24-09 | C57: Sprint 3 | D57: ='Tabla de Esfuerzo'!BD6 | E57: =ROUND(Planificación!$E$131-Planificación!$E$131*(A57-42)/19,0) | F57: =$D$5-D57 | G57: =Planificación!$E$133-E57 | H57: =$D$5
A58: 53 | B58: 25-09 | C58: Sprint 3 | D58: ='Tabla de Esfuerzo'!BE6 | E58: =ROUND(Planificación!$E$131-Planificación!$E$131*(A58-42)/19,0) | F58: =$D$5-D58 | G58: =Planificación!$E$133-E58 | H58: =$D$5
A59: 54 | B59: 26-09 | C59: Sprint 3 | D59: ='Tabla de Esfuerzo'!BF6 | E59: =ROUND(Planificación!$E$131-Planificación!$E$131*(A59-42)/19,0) | F59: =$D$5-D59 | G59: =Planificación!$E$133-E59 | H59: =$D$5
A60: 55 | B60: 27-09 | C60: Sprint 3 | D60: ='Tabla de Esfuerzo'!BG6 | E60: =ROUND(Planificación!$E$131-Planificación!$E$131*(A60-42)/19,0) | F60: =$D$5-D60 | G60: =Planificación!$E$133-E60 | H60: =$D$5
A61: 56 | B61: 28-09 | C61: Sprint 3 | D61: ='Tabla de Esfuerzo'!BH6 | E61: =ROUND(Planificación!$E$131-Planificación!$E$131*(A61-42)/19,0) | F61: =$D$5-D61 | G61: =Planificación!$E$133-E61 | H61: =$D$5
A62: 57 | B62: 29-09 | C62: Sprint 3 | D62: ='Tabla de Esfuerzo'!BI6 | E62: =ROUND(Planificación!$E$131-Planificación!$E$131*(A62-42)/19,0) | F62: =$D$5-D62 | G62: =Planificación!$E$133-E62 | H62: =$D$5
A63: 58 | B63: 30-09 | C63: Sprint 3 | D63: ='Tabla de Esfuerzo'!BJ6 | E63: =ROUND(Planificación!$E$131-Planificación!$E$131*(A63-42)/19,0) | F63: =$D$5-D63 | G63: =Planificación!$E$133-E63 | H63: =$D$5
A64: 59 | B64: 01-10 | C64: Sprint 3 | D64: ='Tabla de Esfuerzo'!BK6 | E64: =ROUND(Planificación!$E$131-Planificación!$E$131*(A64-42)/19,0) | F64: =$D$5-D64 | G64: =Planificación!$E$133-E64 | H64: =$D$5
A65: 60 | B65: 02-10 | C65: Sprint 3 | D65: ='Tabla de Esfuerzo'!BL6 | E65: =ROUND(Planificación!$E$131-Planificación!$E$131*(A65-42)/19,0) | F65: =$D$5-D65 | G65: =Planificación!$E$133-E65 | H65: =$D$5
A66: 61 | B66: 03-10 | C66: Sprint 3 | D66: ='Tabla de Esfuerzo'!BM6 | E66: =ROUND(Planificación!$E$131-Planificación!$E$131*(A66-42)/19,0) | F66: =$D$5-D66 | G66: =Planificación!$E$133-E66 | H66: =$D$5
